file,side,section_idx,ellipse_fitted,ellipse_area,ellipse_aspect_ratio,major_axis_length,minor_axis_length,polygon_area,pca_aspect_ratio
Ac_DA_1_2,single_a,5,True,132.7877862829727,0.6762401653830277,5.346315821525987,7.905942437621688,131.70118120636795,0.7252340154236868
Ac_DA_1_2,single_a,7,True,133.58811099409283,0.681638688061015,5.383764865983231,7.898267748413538,131.83985306420556,0.6975945523284134
Ac_DA_1_2,single_a,9,True,138.06988415819896,0.7381326005151444,5.695629586425082,7.716268841736687,136.36626499432674,0.7238415508284395
Ac_DA_1_2,single_a,11,True,138.12415526202057,0.7605189731847485,5.782490230810892,7.603347759486055,137.4834926719949,0.7006840552724458
Ac_DA_1_2,single_a,13,True,144.88954763399815,1.3055105023015865,7.759500703663886,5.943652456249151,144.1959357423112,1.3670679688918452
Ac_DA_1_2,single_a,15,True,153.43301660319227,1.394185335606399,8.251724707446874,5.918671281862105,150.2765889473577,1.388740638569701
Ac_DA_1_2,single_a,17,True,157.97283697902478,1.4365240037799063,8.499095634321478,5.916431338395962,154.12976562256893,1.4519952941678853
Ac_DA_1_2,single_a,19,True,153.21744646440354,1.5608689216125646,8.724938821997004,5.589795979141603,150.72677676125738,1.5399374330905211
Ac_DA_1_2,single_a,21,True,145.07685100178827,1.6832756932109776,8.816612427492183,5.237770891037949,144.50595724028383,1.640081645765741
Ac_DA_1_2,single_a,23,True,140.42078668851266,1.7175922921412576,8.761950710972984,5.101298341325106,139.77457308223524,1.6713262778809024
Ac_DA_1_2,single_a,25,True,140.1380412282154,1.6576169980916202,8.59894519255065,5.187534395732208,139.51634229586003,1.6158482498192654
Ac_DA_1_2,single_a,27,True,145.7432582426029,1.5542769466077926,8.49148220076455,5.463300616596803,144.51237183888244,1.5018609059482193
Ac_DA_1_2,single_a,29,True,157.19160227067837,1.3580453042669534,8.24321947686872,6.069914936540538,152.2576788072971,1.388986702929683
Ac_DA_1_2,single_a,31,True,157.36014258951099,1.3312032145042734,8.165722419495093,6.134091572589784,153.53883543362286,1.3107408661620095
Ac_DA_1_2,single_a,33,True,158.30911106607766,1.2765215076281164,8.020327213772022,6.2829550194375186,155.531623762994,1.2237623659529833
Ac_DA_1_2,single_a,35,True,154.29804756826056,1.1459244131017265,7.502107187860791,6.546773157187995,151.77750698145766,0.8381165311741761
Ac_DA_1_2,single_a,37,True,141.87397497805648,0.8858986582887372,6.325115407716627,7.1397730976753655,140.24435123803693,0.7585453644104689
Ac_DA_1_2,single_a,39,True,133.19799486406464,0.7988487772740382,5.819775000141478,7.285202363331719,130.60985911818463,0.6861066899613485
Ac_DA_1_2,single_a,41,True,124.06177297507003,0.7330994281749804,5.380535432821754,7.339434769736986,120.50255098055818,0.6549451373657792
Ac_DA_1_2,single_a,44,True,111.10996783823052,0.6222878931691431,4.691343687033175,7.538863825779153,108.22559097363123,0.5664792589779889
Ac_DA_1_2,single_b,5,True,92.85844869528466,0.7725702233632731,4.778644888702345,6.1853857994930275,91.45622831312363,0.6723840919825085
Ac_DA_1_2,single_b,7,True,105.32269684719263,0.7403909850404344,4.982147835168499,6.729076847007278,102.51423478811475,0.661560951436511
Ac_DA_1_2,single_b,9,True,114.33747939387644,0.7478464708833276,5.217057157571965,6.976107210093239,112.94748524149547,0.6936081729229299
Ac_DA_1_2,single_b,11,True,121.78871262760099,0.8611191732312866,5.777769514760971,6.709605005170555,120.64646744294511,0.7671663509672346
Ac_DA_1_2,single_b,13,True,131.07529474137132,0.842175967700652,5.927709435706149,7.038563985493741,130.40616264154073,0.7461123142600522
Ac_DA_1_2,single_b,15,True,142.07394221419918,1.3185148657764616,7.721911050293531,5.856521796397166,141.35281535618762,1.352315267999634
Ac_DA_1_2,single_b,17,True,145.3811306042243,1.417998460193916,8.10059583328629,5.712697200093227,144.85518515279648,1.39779309689482
Ac_DA_1_2,single_b,19,True,136.83876190776417,1.502051968671105,8.088576757393401,5.385017912895201,136.5013428421206,1.4356756261319426
Ac_DA_1_2,single_b,21,True,130.59739218513297,1.603091827509956,8.163408252744379,5.092289856797788,129.82712440657374,1.4947445524556198
Ac_DA_1_2,single_b,23,True,125.96703229799641,1.6731818687288362,8.19077672299069,4.895329596903566,125.05115210240561,1.502199923986975
Ac_DA_1_2,single_b,25,True,123.39652852280203,1.7497260113089863,8.290134157066818,4.737961317077804,123.09675108432623,1.574607346395625
Ac_DA_1_2,single_b,27,True,132.09109170574595,1.6752228971479441,8.392630995437514,5.009859290799996,131.14702673383607,1.5591401237246478
Ac_DA_1_2,single_b,29,True,136.72549974372086,1.6538254113218867,8.483882669955365,5.129853859951444,136.14533981278592,1.5823461491153639
Ac_DA_1_2,single_b,31,True,142.65323227628042,1.638343242013247,8.62518301342259,5.264576306259058,142.00248714436594,1.597863032619258
Ac_DA_1_2,single_b,33,True,150.5173896235405,1.4309447869297265,8.27999054761733,5.7863801757041236,149.51426393795876,1.5078609897831567
Ac_DA_1_2,single_b,35,True,149.564251679142,1.3339850425881334,7.9691948361371905,5.973976155441551,147.90458617020215,1.4390801452142616
Ac_DA_1_2,single_b,37,True,141.14519044061365,0.7834102220830034,5.93270457402673,7.572922087041841,139.91344056306127,0.737202254432726
Ac_DA_1_2,single_b,39,True,132.96960173954955,0.7210205742337732,5.524272285755996,7.661740154400762,131.16678723129354,0.6931948480082428
Ac_DA_1_2,single_b,41,True,119.3315261843576,0.691746782502149,5.125972064935997,7.4101856265881105,117.45434584057125,0.7086007952007819
Ac_DA_1_2,single_b,44,True,102.6839468760384,0.690564326713906,4.7509275780984845,6.879775560817157,100.76671089618692,0.7474886223056271
Ac_DA_1_3,single_a,5,True,128.33081696234072,0.7243352981703893,5.439517370938576,7.509667670039476,126.72492180004534,0.7729129236187275
Ac_DA_1_3,single_a,7,True,129.89538111811484,0.7479226387782287,5.560966225708821,7.435215806267014,128.7380381460676,0.7727084141271446
Ac_DA_1_3,single_a,9,True,136.89631901269937,0.7969267538433941,5.892914668446923,7.394549925732514,135.5916994005069,0.8060647758400965
Ac_DA_1_3,single_a,11,True,146.3895289361799,0.9002022169982282,6.476645244075164,7.1946559581600225,145.7975779774468,0.8920876297151493
Ac_DA_1_3,single_a,13,True,162.43607844535495,0.9466653288458151,6.9962375571301045,7.390402229751031,162.01315090900363,0.8862175007664461
Ac_DA_1_3,single_a,15,True,172.77958016676726,1.1622836865848367,7.995163362480102,6.878839869096384,172.5103354187624,1.1904125962009506
Ac_DA_1_3,single_a,17,True,172.35378233586553,1.2264797289297305,8.202866815141206,6.688138924480487,170.66048637863435,1.249557800842375
Ac_DA_1_3,single_a,19,True,160.86945416325753,1.3419184612502941,8.289434831099733,6.1773014310990915,158.91665806536747,1.2861270120873327
Ac_DA_1_3,single_a,21,True,145.39601908096287,1.478903144242512,8.273155507513138,5.5941158416771195,144.79010746962203,1.3712371026959385
Ac_DA_1_3,single_a,23,True,136.28901455153922,1.522145495184877,8.126126386735882,5.338600293100692,135.61500295818252,1.4025709909079307
Ac_DA_1_3,single_a,25,True,132.6468656700466,1.487683823881048,7.925540330018159,5.327435979872474,132.54409045913206,1.393488975261221
Ac_DA_1_3,single_a,27,True,130.92692252766813,1.5141858233875773,7.943815181465713,5.246261759137063,130.3726382686796,1.4594669719679674
Ac_DA_1_3,single_a,29,True,132.75760193270716,1.5524192173055495,8.09951974027439,5.217353437773265,132.1871560440067,1.5055945623910552
Ac_DA_1_3,single_a,31,True,138.3781523901423,1.5299068503604116,8.209020157724176,5.3656993272435605,137.9878146114544,1.4479976687275862
Ac_DA_1_3,single_a,33,True,148.37181290593028,1.3865902793870217,8.092353407012105,5.836153279964965,147.66841994081977,1.3626271881202143
Ac_DA_1_3,single_a,35,True,152.25631333693474,1.1777291479259298,7.555016729709462,6.41490171404386,151.77506758569933,1.1967939652544843
Ac_DA_1_3,single_a,37,True,148.78384001663056,0.9685774934041833,6.772829331530577,6.992552870216554,147.86290815097271,0.9028577040895179
Ac_DA_1_3,single_a,39,True,143.22256916250754,0.898452926553242,6.399977651659896,7.123331075577096,141.91816323415586,0.8808430802091182
Ac_DA_1_3,single_a,41,True,136.11737231378777,0.8092422386466245,5.921355197496016,7.317160319509374,134.499240168661,0.8543167173050898
Ac_DA_1_3,single_a,44,True,129.0712248222263,0.7096796094381551,5.399716303072357,7.608667673779226,126.25801880954522,0.7614221744928603
Ac_DA_1_3,single_b,5,True,128.23032469799597,0.7231789730918905,5.43304534533369,7.512725822357866,126.72529815796969,0.7712564794742438
Ac_DA_1_3,single_b,7,True,129.89551435051928,0.7479236103069973,5.560972689385756,7.43521479032219,128.7382093621795,0.7727089301734101
Ac_DA_1_3,single_b,9,True,136.93909717200987,0.7965340041569648,5.892382813255564,7.397528269357364,135.59201922511872,0.7995090788689494
Ac_DA_1_3,single_b,11,True,146.27224501709287,0.9017652079634286,6.479668155554491,7.185537985201661,145.79773196920794,0.8882349244728985
Ac_DA_1_3,single_b,13,True,162.4361210846115,0.9466640705415577,6.996233825692164,7.390408111390381,162.013190099935,0.886216447535235
Ac_DA_1_3,single_b,15,True,172.75919954983416,1.1620858632368958,7.994011418147462,6.879019589723596,172.51015991401738,1.180362367424927
Ac_DA_1_3,single_b,17,True,172.35351425918387,1.226480549258119,8.202863179058632,6.688131486488253,170.66026398430074,1.2495566533377784
Ac_DA_1_3,single_b,19,True,160.86926296968954,1.3419194352359753,8.289432913395146,6.177295518443294,158.91647026145657,1.2861275959690868
Ac_DA_1_3,single_b,21,True,145.32058931046188,1.479890049908599,8.273768476412943,5.590799449542855,144.7900353923731,1.3705654456252976
Ac_DA_1_3,single_b,23,True,136.28902667128335,1.522146031627064,8.126128179976174,5.338599589744967,135.6149594556782,1.402570723491176
Ac_DA_1_3,single_b,25,True,132.64684858777406,1.4876841103006573,7.925540582633308,5.327435124000602,132.54407854752463,1.3934888068084323
Ac_DA_1_3,single_b,27,True,130.9269839933944,1.5141875451667233,7.943821562592511,5.246260007849845,130.37265820096945,1.4594682845288875
Ac_DA_1_3,single_b,29,True,132.7157896209086,1.5518320433322323,8.096712507967544,5.217518572809954,132.18719797102685,1.5074624064500697
Ac_DA_1_3,single_b,31,True,138.37809833758016,1.5299076667400344,8.20902074466448,5.365696847677394,137.9877616134512,1.4479972002259094
Ac_DA_1_3,single_b,33,True,148.3407646162786,1.3872617776946126,8.09346570100497,5.834130105173733,147.66839895044308,1.3722301376974069
Ac_DA_1_3,single_b,35,True,152.2563035361317,1.1777313428885092,7.555023526780753,6.414895529782936,151.7750574977051,1.1967950507822869
Ac_DA_1_3,single_b,37,True,148.78856328756413,0.9703046697664892,6.778972927483125,6.9864374960851565,147.8629794938434,0.9019624872707839
Ac_DA_1_3,single_b,39,True,143.2226247954318,0.8984539133184469,6.399982409180711,7.1233285473066985,141.91826037772108,0.8808444625471505
Ac_DA_1_3,single_b,41,True,136.15668813707575,0.8088444090111978,5.920754410195094,7.320016488008049,134.49937935480074,0.8560856986018338
Ac_DA_1_3,single_b,44,True,129.07129157346893,0.7096799169832076,5.3997188693511085,7.608667992614022,126.2580963792939,0.7614223454701031
Ac_DA_1_4,single_a,5,True,114.8235439940973,0.7174554462581065,5.120802256455341,7.137449834917161,108.70282578179301,0.6732196478964467
Ac_DA_1_4,single_a,7,True,120.3368848649294,0.7524800230525253,5.36873457517919,7.134720405467079,116.85106374920528,0.6958907240935559
Ac_DA_1_4,single_a,9,True,126.9618182590723,0.8471213263202845,5.851058469293671,6.906989928714732,122.7888639088277,0.7721436294852171
Ac_DA_1_4,single_a,11,True,129.6319135622288,0.970238188418376,6.327326011786792,6.5214151404421825,128.41048394614177,0.8451741976283195
Ac_DA_1_4,single_a,13,True,142.53159858261412,1.1396738494529604,7.1906960787289025,6.30943324897769,141.3487347356231,1.234291973705815
Ac_DA_1_4,single_a,15,True,151.87842257676894,1.2538553514392765,7.785684871639522,6.209396373116312,151.22622145293923,1.2803873057181758
Ac_DA_1_4,single_a,17,True,155.87553594516427,1.2886345010286688,7.996112962585198,6.205105447822636,154.92482075192802,1.3328177669637253
Ac_DA_1_4,single_a,19,True,155.34145581284028,1.2374266183045115,7.822192077738645,6.321338139999284,153.6240599856,1.3497957463695383
Ac_DA_1_4,single_a,21,True,150.3507925705993,1.1575001683447024,7.442836109683229,6.430095055905651,148.47964286821406,1.3413474518295836
Ac_DA_1_4,single_a,23,True,144.6037569119832,1.2225529272323832,7.501509900290826,6.1359387664898515,142.49139902777836,1.2933479400087036
Ac_DA_1_4,single_a,25,True,135.52798863303838,1.3874068377544218,7.736445588790338,5.5761910481226336,134.4113276132698,1.3602306463148146
Ac_DA_1_4,single_a,27,True,136.92903821927177,1.3495088777270032,7.669388103412347,5.683095702438064,135.322237784731,1.3639529944004234
Ac_DA_1_4,single_a,29,True,136.3286125228654,1.358481437122405,7.677952574454378,5.65186418057957,135.46213584383065,1.3624773835480941
Ac_DA_1_4,single_a,31,True,143.988913766665,1.2498449481262515,7.568636728881389,6.055660536315464,143.05205413637265,1.3461109218837448
Ac_DA_1_4,single_a,33,True,149.9095044218288,1.2527942409711252,7.731780603580763,6.171628469162932,149.27653274775963,1.325230832577222
Ac_DA_1_4,single_a,35,True,152.71870069417932,1.1796213232856392,7.572555780880154,6.4194802445483585,151.80649887169562,1.256240720902383
Ac_DA_1_4,single_a,37,True,146.5432779485524,1.0858638894367179,7.1169794198452845,6.554209499992815,145.93640194607073,1.1830396978164461
Ac_DA_1_4,single_a,39,True,134.05961043772632,0.9273907843281557,6.290793481940196,6.783325420359374,132.4766405885783,0.8958976120221567
Ac_DA_1_4,single_a,41,True,123.69742511237887,0.8652501743899207,5.836819202857308,6.745816846523945,120.71598891912558,0.8673360214730396
Ac_DA_1_4,single_a,44,True,103.2387319875724,0.7893027900297025,5.092935939325505,6.452448925378626,101.0859098396761,0.8533920349506918
Ac_DA_1_4,single_b,5,True,118.67410109071774,0.6555157925581326,4.976163239002226,7.5912179317341595,117.2759987363576,0.7159414344975796
Ac_DA_1_4,single_b,7,True,121.83205998204024,0.672959310532841,5.108580724995705,7.591217841909034,119.68800479683695,0.7066612279492156
Ac_DA_1_4,single_b,9,True,127.42097002423242,0.7429471452624271,5.489394922401185,7.388674897542269,125.5243247601209,0.7594924481191806
Ac_DA_1_4,single_b,11,True,136.96925782739257,0.8453931693364272,6.071080369639189,7.181369083457996,135.13781258095614,0.8280708578010085
Ac_DA_1_4,single_b,13,True,142.88554880753733,1.0699955666173733,6.9760599864195,6.5197092437244795,141.08208145621003,1.1085832479646567
Ac_DA_1_4,single_b,15,True,145.05405358611705,1.2012367113095646,7.447393419971641,6.199771743449832,143.33865982233192,1.1966713754921967
Ac_DA_1_4,single_b,17,True,142.86308205844523,1.3187754177618896,7.744091805131891,5.8721839221681025,141.4722619040427,1.3080948425092347
Ac_DA_1_4,single_b,19,True,138.39853834961505,1.3867074004841917,7.815976267778015,5.636355777036265,137.25228366850257,1.2984060162262376
Ac_DA_1_4,single_b,21,True,135.58509802004107,1.3816709424038018,7.722063266078143,5.588930785968084,133.56051871877625,1.3322260985688419
Ac_DA_1_4,single_b,23,True,134.09099290127352,1.311339527218805,7.4813925533639924,5.705152935663531,132.52580018725627,1.3009035531456759
Ac_DA_1_4,single_b,25,True,132.45718488568568,1.268900253118791,7.3143639458877505,5.764333270412706,130.59557416529168,1.2968129843395098
Ac_DA_1_4,single_b,27,True,130.8911784661808,1.1996944259732347,7.06993747647008,5.893115216180734,128.67530501170924,1.2325300123222847
Ac_DA_1_4,single_b,29,True,138.06476200605397,1.1055387772452294,6.970332222295731,6.304918801368809,133.82657588488752,1.2009606023711623
Ac_DA_1_4,single_b,31,True,141.80871112621367,1.0779942803563172,6.975651042396143,6.470953667852886,137.29135579768922,0.8752435782353154
Ac_DA_1_4,single_b,33,True,137.85339612246943,1.0962188126353034,6.935574225506827,6.326815545916193,136.84578663636455,1.2005215788547419
Ac_DA_1_4,single_b,35,True,133.99420162065263,1.0528750206042143,6.701260140946489,6.36472516662123,132.9522696132899,0.8730782948881646
Ac_DA_1_4,single_b,37,True,126.63041842277121,0.9069207024059625,6.0461475636791935,6.666677194201674,126.24947574132892,0.8056921314889712
Ac_DA_1_4,single_b,39,True,121.85001308651657,0.8081677543970995,5.598718253383951,6.927668448688163,120.91203450208768,0.750943005726769
Ac_DA_1_4,single_b,41,True,114.47894201619727,0.7302887307871624,5.158639351487541,7.0638353489682855,112.41813501648465,0.6966361726301925
Ac_DA_1_4,single_b,44,True,102.4706275461018,0.6229553382957246,4.50768144867642,7.2359624704533285,100.56040002656903,0.6057653186518639
Ac_DA_1_5,single_a,5,True,127.23508872670988,0.8759283329384742,5.95611122646573,6.799770029683572,121.93935064892729,0.7221635642929124
Ac_DA_1_5,single_a,7,True,136.1743604182441,0.8460436416245084,6.055766465502644,7.157747151051007,133.8749830455665,0.7461382406618685
Ac_DA_1_5,single_a,9,True,147.66824796060428,0.8780559633408221,6.424357836106484,7.316569904796416,145.9560479749513,0.7854608708320525
Ac_DA_1_5,single_a,11,True,165.75656950258644,0.8783378605911865,6.807556277810729,7.7504985077481905,164.9903213590037,0.7824331120746311
Ac_DA_1_5,single_a,13,True,175.05899359181063,1.1202277197197594,7.90078847663809,7.052841433538694,174.68581114313767,1.2525942943402728
Ac_DA_1_5,single_a,15,True,180.99391532299362,1.3137918718226158,8.700021711826004,6.62206997806777,179.12686846402678,1.328940297575918
Ac_DA_1_5,single_a,17,True,183.18261603807196,1.3989819648587762,9.03177791361784,6.455964508827372,182.30663858444132,1.3769085680113424
Ac_DA_1_5,single_a,19,True,179.97882777949624,1.4516791386044994,9.119501330043606,6.2820364965843565,179.54044349345344,1.3567808805687562
Ac_DA_1_5,single_a,21,True,172.6750386827443,1.4687167569009703,8.984809419972978,6.117455511933529,172.43115391370506,1.4114094969464113
Ac_DA_1_5,single_a,23,True,169.20308714807686,1.473944758950766,8.909838016981013,6.044892770149351,168.60616482382292,1.4079336708474024
Ac_DA_1_5,single_a,25,True,170.8881942847904,1.4506967222150833,8.883199362308288,6.1234021048482425,170.91103423501386,1.422430233405078
Ac_DA_1_5,single_a,27,True,174.42920264006256,1.4627834579018413,9.012072598761165,6.160906831478479,173.65896437483372,1.4255513138303582
Ac_DA_1_5,single_a,29,True,175.20731913150496,1.437374107644811,8.95336097838092,6.228970544802231,175.0108954603441,1.3576639443671257
Ac_DA_1_5,single_a,31,True,179.97008753546083,1.4329561039685492,9.06028107671663,6.322790385291165,179.9412341388767,1.362011783169861
Ac_DA_1_5,single_a,33,True,183.3785590123761,1.3963171535009937,9.027996419303104,6.465577248454736,182.15090317739364,1.334539703369534
Ac_DA_1_5,single_a,35,True,178.86934815805944,1.2380666505546467,8.395857105936727,6.781425783640511,177.7383029595194,1.2118120060304314
Ac_DA_1_5,single_a,37,True,174.33761630396677,1.0345569972551785,7.577009411285574,7.323916837243785,173.09790585225417,1.110629734268911
Ac_DA_1_5,single_a,39,True,162.4669369780841,0.837971140825483,6.582973260724899,7.855847224332846,161.01192526211383,0.8600207685810606
Ac_DA_1_5,single_a,41,True,150.24912118378853,0.7617193921004574,6.0357124329711525,7.923800412022526,148.47348183284674,0.8311141140341795
Ac_DA_1_5,single_a,44,True,136.8683420641729,0.7686204855958586,5.78672100916177,7.528710355248628,134.460422072099,0.8322545559504229
Ac_DA_1_5,single_b,5,True,110.3519626326184,0.6619180656647143,4.821889032876679,7.284721905927163,108.65121992463477,0.6901034677538026
Ac_DA_1_5,single_b,7,True,119.3219265543619,0.7010706812116501,5.160194775310621,7.360448687416699,117.24956597669419,0.7152463209240393
Ac_DA_1_5,single_b,9,True,124.76146655737058,0.8217572011331896,5.712642657475248,6.95174030674463,123.09453635931092,0.8293257235130651
Ac_DA_1_5,single_b,11,True,141.17289553871873,1.0458347201471991,6.855391358459321,6.5549471884949835,138.5497090138094,1.0696304487422839
Ac_DA_1_5,single_b,13,True,156.38786208084488,1.1207817332342986,7.46942390115134,6.664476837605509,154.88766304029772,1.0940930427716575
Ac_DA_1_5,single_b,15,True,158.84031136992445,1.3288775207733867,8.196867332184611,6.1682639701920445,157.90293013661042,1.2200919142046813
Ac_DA_1_5,single_b,17,True,159.18954093883994,1.5056554632880483,8.734642430387591,5.801222552809586,157.88559773212722,1.3319997232011311
Ac_DA_1_5,single_b,19,True,158.71654722397943,1.568129460327338,8.900760682564536,5.676036901128402,157.54871746489573,1.4245040118995798
Ac_DA_1_5,single_b,21,True,160.82405305285857,1.645505513232563,9.178046125587285,5.577645320408069,159.71763014459114,1.4688142968739777
Ac_DA_1_5,single_b,23,True,161.80945281341175,1.653235726261778,9.22771981016756,5.581611662259963,160.82440431869662,1.474519077381532
Ac_DA_1_5,single_b,25,True,163.6162378267778,1.573095056162194,9.051399796157748,5.753879754882723,162.2248841400929,1.4344422962920185
Ac_DA_1_5,single_b,27,True,161.51262714775416,1.5029032743353894,8.790100077663515,5.848746374945955,160.75670028784717,1.4225368000831438
Ac_DA_1_5,single_b,29,True,164.92236418646016,1.4730116820090824,8.793624873247289,5.969826974660116,163.33450463245384,1.3596612078009462
Ac_DA_1_5,single_b,31,True,162.33355583491402,1.3865305328371842,8.464356241723397,6.104702378535604,161.1428937269377,1.3035771712656457
Ac_DA_1_5,single_b,33,True,159.49164980087315,1.2539002084656075,7.9785785702248955,6.363009206281455,158.72656160247834,1.1862318593093981
Ac_DA_1_5,single_b,35,True,161.1604977962354,0.9222137923349346,6.878126679703504,7.458277827627055,160.37319637522563,1.1783877260015825
Ac_DA_1_5,single_b,37,True,156.0415811776406,0.9184055043401755,6.754022044868381,7.354074004293755,155.9311510531574,0.7847363070911504
Ac_DA_1_5,single_b,39,True,148.62227306370642,0.7806476963912815,6.077074416478445,7.784656823521135,147.39328179937914,0.715208795726575
Ac_DA_1_5,single_b,41,True,141.1888156208242,0.674848905107005,5.507170027326455,8.160597113887635,139.13589460166264,0.6547737360473205
Ac_DA_1_5,single_b,44,True,128.6733592652407,0.6026687793115768,4.9683105050769845,8.243849151688663,125.639845849745,0.5991377279444127
Ac_DA_1_6,single_a,5,True,132.49415973669707,0.7358491771661015,5.570803446018759,7.570577801653605,129.04754025271262,0.6603481650713883
Ac_DA_1_6,single_a,7,True,132.328003989351,0.7214021628134369,5.51238655185793,7.641211568260155,130.00746227015384,0.6704774183371762
Ac_DA_1_6,single_a,9,True,137.36613705129923,0.7685454813926332,5.796951850018084,7.542757052599919,135.354881179291,0.7395715324874943
Ac_DA_1_6,single_a,11,True,144.91405325352008,0.8836119650461748,6.384267999802182,7.225194148959448,143.24574921558164,0.7914938360099611
Ac_DA_1_6,single_a,13,True,150.23183181301528,1.1257217853113126,7.337051718504431,6.517642115698602,149.47954274771877,1.2244077009979895
Ac_DA_1_6,single_a,15,True,158.83475106973742,1.2327627664085272,7.894735447592563,6.404099525647349,158.1143457051013,1.1992915784354832
Ac_DA_1_6,single_a,17,True,161.49284351486116,1.345283687601313,8.315888209600887,6.181512707129008,159.76374407094173,1.2698953920445786
Ac_DA_1_6,single_a,19,True,158.55348946483642,1.4320376788849651,8.50139486571541,5.936572054678683,156.71980086864824,1.2667425968846282
Ac_DA_1_6,single_a,21,True,153.40945898720383,1.450131366680047,8.415013288026032,5.80293170769176,152.70709791454908,1.3419801009145826
Ac_DA_1_6,single_a,23,True,147.59773985508753,1.4738833795338604,8.321401522912689,5.645902273180167,146.74870483683924,1.3759724855663291
Ac_DA_1_6,single_a,25,True,148.14041334427088,1.466751257989018,8.316490090716327,5.670007129987813,146.25529499070575,1.336692153090753
Ac_DA_1_6,single_a,27,True,144.55853282055085,1.4086454921078289,8.050962141273809,5.715392684944981,143.37298327342623,1.3213588529162898
Ac_DA_1_6,single_a,29,True,136.7639995789349,1.424181065445548,7.873966520994137,5.528767873718926,135.89623357907857,1.3592134226230292
Ac_DA_1_6,single_a,31,True,131.07957684891664,1.4031418241558997,7.651443295153622,5.453079056891892,130.75369096986503,1.3315238516576422
Ac_DA_1_6,single_a,33,True,125.87869700031435,1.315052944429485,7.258933236761758,5.519879079781789,125.24661765288724,1.274628226983466
Ac_DA_1_6,single_a,35,True,120.74023554762691,1.1414774806204784,6.623457394500893,5.802530060339473,120.69288255891662,1.214901623151494
Ac_DA_1_6,single_a,37,True,122.85933169995084,0.8000726842512507,5.593631593137026,6.9914042851892075,121.72419585965568,0.7907990782527627
Ac_DA_1_6,single_a,39,True,116.55965776822435,0.7244146017548151,5.184331853211773,7.156581107908781,114.11869619910368,0.7503650753604872
Ac_DA_1_6,single_a,41,True,104.53849125047235,0.6533247458023903,4.6625954083826695,7.1367194314004365,100.77864957747236,0.7019181707610117
Ac_DA_1_6,single_a,44,True,80.57240164436983,0.5745050460269644,3.838531791932269,6.68145879392695,76.21757212932663,0.6657490796321928
Ac_DA_1_6,single_b,5,True,114.94765635223189,0.7360872255177057,5.189670258745136,7.050346859497706,114.09701859737197,0.750650108490111
Ac_DA_1_6,single_b,7,True,121.56953891539908,0.7754126936628661,5.477771366392248,7.064330273620556,120.81857432968427,0.7720199304484667
Ac_DA_1_6,single_b,9,True,128.2568640952278,0.8267615824176308,5.809724201809514,7.027085347653209,127.64972481963784,0.8128171164362183
Ac_DA_1_6,single_b,11,True,133.8340671897027,0.9311388288187922,6.298188004380791,6.763962375374719,132.48496939222673,0.865514213345801
Ac_DA_1_6,single_b,13,True,134.45430940952357,0.9148656484323229,6.257359217336004,6.839648234752682,133.95094000449222,1.0778304391512155
Ac_DA_1_6,single_b,15,True,137.72613145036786,1.2355366626602005,7.359716011185783,5.956695769221269,136.5482144195753,1.1182123496268168
Ac_DA_1_6,single_b,17,True,139.56190449887364,1.3140095773081641,7.640253572652964,5.814458056161608,138.14219634372517,1.1957131436708284
Ac_DA_1_6,single_b,19,True,141.69340259439687,1.3565802777380416,7.822086744684507,5.766033070838265,139.83317832166944,1.2166074459617326
Ac_DA_1_6,single_b,21,True,146.23081785272473,1.3697472821054675,7.984812855962368,5.829405876745923,143.399831692286,1.217572095091134
Ac_DA_1_6,single_b,23,True,144.8946768107449,1.2940099982338915,7.725384339543554,5.970111784365978,143.4416322095143,1.200733937616804
Ac_DA_1_6,single_b,25,True,139.45374708311056,1.2283096287800157,7.384040769195955,6.011546760021695,138.07045946990388,1.1931428851938488
Ac_DA_1_6,single_b,27,True,137.0127395966123,0.8643003813080276,6.139569091641216,7.103513112362192,134.11540064800536,1.1426422927938815
Ac_DA_1_6,single_b,29,True,131.9150337983373,1.1481118076635255,6.943273966415532,6.047559061817768,129.72430698151626,1.1648256639132766
Ac_DA_1_6,single_b,31,True,136.53383731072896,0.8847158603639428,6.200791353641878,7.00879415803745,133.92418714600421,1.174927011899808
Ac_DA_1_6,single_b,33,True,140.59493657916326,0.8825415589162735,6.284597762868513,7.121021893389081,138.19253824552993,1.143050215728901
Ac_DA_1_6,single_b,35,True,143.41011174493016,1.03987873616948,6.889794993019694,6.625575418917685,141.4022710940173,0.8645976754615585
Ac_DA_1_6,single_b,37,True,143.75302847034638,0.9644042387482549,6.642982683026819,6.888172424095787,143.52475815649353,0.8260001372748611
Ac_DA_1_6,single_b,39,True,146.08863305705668,0.8601989558485899,6.324595167696448,7.352479475468798,145.12509698337084,0.7697245606877913
Ac_DA_1_6,single_b,41,True,140.48761707814012,0.7780478806696364,5.898576941554325,7.581251858790032,139.23533106999656,0.7507257897384716
Ac_DA_1_6,single_b,44,True,116.5201797258878,0.6795251074390298,5.020285207052306,7.387931883742426,113.52790663275822,0.7180470527578175
Ac_DA_1_8,single_a,5,True,121.13556849551524,0.5949794729642564,4.789739520318405,8.050260114782398,119.4185986234759,0.6528839811570368
Ac_DA_1_8,single_a,7,True,129.74963246478794,0.6388329809274425,5.1365532702328025,8.040526121202568,127.13514926341117,0.6802086327089022
Ac_DA_1_8,single_a,9,True,142.26129137133063,0.6869831197804837,5.577524285411307,8.11886657010369,139.9325119813722,0.7294421107891425
Ac_DA_1_8,single_a,11,True,151.84447204884123,0.7915430431973719,6.185315040780912,7.814249766880458,150.99634014160696,0.8108730881799135
Ac_DA_1_8,single_a,13,True,158.28388082022744,0.9635188123163203,6.96744433680032,7.231248884544798,157.51391444801567,0.8821301588760836
Ac_DA_1_8,single_a,15,True,160.01767440362275,1.1592973077425668,7.684337914680846,6.628444544259416,159.4132064220156,1.0843102842497698
Ac_DA_1_8,single_a,17,True,148.8095941182258,1.272924734188607,7.765007729845592,6.100131077109752,147.79842791385448,1.1409007356270304
Ac_DA_1_8,single_a,19,True,135.29745109693505,1.3112322086586425,7.514665876427108,5.730995491724857,135.35150393209727,1.1472917588799854
Ac_DA_1_8,single_a,21,True,129.9012604625533,1.2480208462541842,7.18360867176745,5.756000545446311,128.79401113569992,1.1247749920728407
Ac_DA_1_8,single_a,23,True,131.95457774962,1.2590184357855434,7.271991106214453,5.775921066379951,130.84099957571473,1.1326366222859734
Ac_DA_1_8,single_a,25,True,133.33370489535855,1.2271727961167775,7.216853622919977,5.880878101076503,132.17579815228348,1.1200395998720036
Ac_DA_1_8,single_a,27,True,140.22845867484097,1.2053956801127057,7.335132432831023,6.085248648099669,139.34995077764785,1.1020055420125097
Ac_DA_1_8,single_a,29,True,149.56265284775418,1.3570848179801154,8.0378544840509,5.922882916054164,148.62523180549425,1.1817672543498772
Ac_DA_1_8,single_a,31,True,155.5088309124977,1.3580723651768405,8.199059685386029,6.037277464458526,154.91240809962375,1.20188292825362
Ac_DA_1_8,single_a,33,True,156.25931725173032,1.2197681270054206,7.789088983503253,6.385712834312024,155.53672326139522,1.0975621971892873
Ac_DA_1_8,single_a,35,True,158.0350003158527,0.9239453049509173,6.8174951230624705,7.378678247003632,157.02037596833014,0.8630574406898449
Ac_DA_1_8,single_a,37,True,155.12099512776695,0.7668704098452517,6.153487815927293,8.024156020270775,152.56095449634518,0.7523046828742957
Ac_DA_1_8,single_a,39,True,139.92341901468924,0.6889273917212931,5.539326883533946,8.04050898556069,137.69984057141312,0.6693861563739333
Ac_DA_1_8,single_a,41,True,123.86705819756946,0.617377759025998,4.933765063168911,7.991484939387245,120.3377046298442,0.6062164639062076
Ac_DA_1_8,single_a,44,True,108.72299896296023,0.5438072892769392,4.338187189919937,7.977434792549595,105.61419944684002,0.5162449066253904
Ac_DA_1_8,single_b,5,True,135.20585664029156,0.7199263005384553,5.566302899900269,7.731767676409457,132.69419813244963,0.6749522759369059
Ac_DA_1_8,single_b,7,True,137.36088857059977,0.6858611807509448,5.476142248146868,7.984330359900346,133.84011307456848,0.6342377023655136
Ac_DA_1_8,single_b,9,True,145.46624301668018,0.7072898642816593,5.72275155575495,8.091097928523428,142.3354236240628,0.6793896276371028
Ac_DA_1_8,single_b,11,True,158.00117867461964,0.7735136023572062,6.237193313724872,8.063456537438569,155.865677164692,0.747381100311309
Ac_DA_1_8,single_b,13,True,166.7974497614412,0.9046478737766318,6.930419927783764,7.660903351103179,166.29208992716508,0.8438821762617899
Ac_DA_1_8,single_b,15,True,171.56206157650337,1.099632591391445,7.7492468134509895,7.047123624851191,169.96385244164284,1.1121989478465277
Ac_DA_1_8,single_b,17,True,162.87483586335304,1.2041447407223862,7.901169994118566,6.561644731661182,162.72013781912796,1.0983657881212878
Ac_DA_1_8,single_b,19,True,152.69916750512837,1.257667673512906,7.818552332543528,6.216707717949702,152.23934378856575,1.143745582254933
Ac_DA_1_8,single_b,21,True,144.55763265160533,1.3466806938161706,7.871869656571409,5.845386878061209,144.01905833658844,1.196283345241213
Ac_DA_1_8,single_b,23,True,145.4334640926801,1.3677331170810096,7.957156858831091,5.817770118642082,144.1579342411758,1.2272330356314933
Ac_DA_1_8,single_b,25,True,154.03776543136672,1.3531218432897931,8.145300685426898,6.019635796894344,153.79257183635468,1.1802455651249302
Ac_DA_1_8,single_b,27,True,162.62119825199966,1.32074863298456,8.268442811680453,6.260421252904007,161.96960226546287,1.1776500844765572
Ac_DA_1_8,single_b,29,True,170.3994150902763,1.30125588527679,8.401183424940493,6.456211664436376,168.84826994039486,1.141476274280215
Ac_DA_1_8,single_b,31,True,173.15630561191017,1.2951603828843035,8.449013325405428,6.523526689868012,171.31413109865548,1.1460348875663087
Ac_DA_1_8,single_b,33,True,175.6924927876769,1.1159517500709422,7.8999505870746605,7.0791148332107126,174.32439032340093,1.0386711541318492
Ac_DA_1_8,single_b,35,True,168.0276335087,0.9460176788180494,7.113200417143724,7.5190988249087765,166.97257422892545,0.8909124923270422
Ac_DA_1_8,single_b,37,True,158.31243766605468,0.8536585871725082,6.558804536820954,7.683170573548678,154.3076371005136,0.8027421690030411
Ac_DA_1_8,single_b,39,True,145.1538625093135,0.7541853056499763,5.903076280563272,7.827090021961975,140.0150519876858,0.7479085170068192
Ac_DA_1_8,single_b,41,True,129.6332461146154,0.7047827570874248,5.39275756715477,7.6516593417251055,125.2478498582683,0.7008441639708163
Ac_DA_1_8,single_b,44,True,116.80591203338405,0.6652271651140188,4.9732748790795265,7.4760550078064165,111.96371242757724,0.6652974662321449
Ac_DA_2_1,single_a,5,True,138.76152011518965,0.7354745994166408,5.699587525436553,7.749536870419885,137.88080310575657,0.7107815712804327
Ac_DA_2_1,single_a,7,True,142.2808473981307,0.7340163975745361,5.765688379276934,7.854985799130536,141.3596895692341,0.7429310734651183
Ac_DA_2_1,single_a,9,True,149.27748655986522,0.795950584678918,6.1498606295768665,7.726435218409552,148.95370777925336,0.7966312590625495
Ac_DA_2_1,single_a,11,True,151.95324008855758,0.8633494719871502,6.46209532217502,7.4849125781027865,150.44872524425878,0.8853969475493016
Ac_DA_2_1,single_a,13,True,151.47249577644405,1.1526995040190409,7.455040504997123,6.467462230185862,149.52180697776527,1.014787236144093
Ac_DA_2_1,single_a,15,True,155.06273932439694,1.3346217086442522,8.116296087087226,6.0813457735016145,151.24218943493153,1.1732878642796312
Ac_DA_2_1,single_a,17,True,145.96086945951276,1.3850337638360013,8.02183019772709,5.791793967180815,143.30828448540439,1.2323544326542137
Ac_DA_2_1,single_a,19,True,128.90997880242355,1.421200024299903,7.6365277677953545,5.373295551101037,127.97138970501814,1.2859243352619196
Ac_DA_2_1,single_a,21,True,114.23733286004983,1.3960365045402072,7.1248787575036685,5.103647887667729,113.6710804378753,1.3109688367071644
Ac_DA_2_1,single_a,23,True,106.53968206798768,1.3961102880352347,6.880826790717439,4.928569647890011,106.1177933475937,1.334125182754374
Ac_DA_2_1,single_a,25,True,104.78815969203316,1.389581866721803,6.808057880688903,4.899357169038166,104.10326067720112,1.3143364168075327
Ac_DA_2_1,single_a,27,True,112.26882253604838,1.3811072422037327,7.025356201892699,5.086756471338784,112.28835099767292,1.2954565445062158
Ac_DA_2_1,single_a,29,True,121.51338134911559,1.4167925490004154,7.402701690813833,5.22497220643674,121.11342064779863,1.2684459204674745
Ac_DA_2_1,single_a,31,True,131.26698404254765,1.4126886947784052,7.682915418504463,5.438505628948639,130.58888134930322,1.2122587185495644
Ac_DA_2_1,single_a,33,True,134.58775842471744,1.2991478723580323,7.460314511750151,5.742467559300411,133.16991276754794,1.1297351842706231
Ac_DA_2_1,single_a,35,True,133.06465778981604,1.1538130111689036,6.990755939888891,6.058829179614385,132.55086830381788,1.0216817446540283
Ac_DA_2_1,single_a,37,True,130.14365111839734,0.9489622882184635,6.269906058055791,6.607118255275047,129.63911618317292,0.9040250634421533
Ac_DA_2_1,single_a,39,True,125.84094702354312,0.8487343961888183,5.830716880538336,6.869895819847478,124.81639743214485,0.8174179349351158
Ac_DA_2_1,single_a,41,True,123.90688203370058,0.7413991723511432,5.4075286166214465,7.293680406295787,123.07144137988234,0.737358590868643
Ac_DA_2_1,single_a,44,True,124.97477329450481,0.6803008792508644,5.202196572215223,7.646905554412618,123.70319500318847,0.687290096934001
Ac_DA_2_1,single_b,5,True,137.9388510401804,0.6216099955081233,5.224291008374774,8.404451418295286,136.7099062347458,0.6745642525669042
Ac_DA_2_1,single_b,7,True,143.12945395781725,0.6549787055265448,5.462647303667005,8.340190692574533,141.28508103803227,0.718641128693278
Ac_DA_2_1,single_b,9,True,146.20450906238852,0.7397937786450792,5.8676038442749325,7.931404688238063,145.40079415368794,0.8036426823179728
Ac_DA_2_1,single_b,11,True,144.65563125322225,0.8472195702081171,6.245838143871442,7.372159902228379,143.3576520508937,0.8525135787311732
Ac_DA_2_1,single_b,13,True,138.22142356207746,0.9812884127216847,6.570691539032649,6.695984028597965,135.5124593352101,0.9824086261223023
Ac_DA_2_1,single_b,15,True,129.33824197459927,1.1957845940852736,7.016410945066622,5.867621124884863,128.44732766717016,1.1013740904626108
Ac_DA_2_1,single_b,17,True,128.35731379426966,1.351777119031292,7.431695707705278,5.497722666759566,127.81913462500773,1.2158330124768009
Ac_DA_2_1,single_b,19,True,127.39593757255763,1.4540910801742275,7.678893750856353,5.280889110423727,126.62446581648773,1.2751127512896885
Ac_DA_2_1,single_b,21,True,115.45897034728823,1.3885660007780243,7.143682882268791,5.144647700048921,114.88653486592983,1.195588554492739
Ac_DA_2_1,single_b,23,True,107.59331304320769,1.4097432850496445,6.948446552665459,4.928873665406938,106.6795581994603,1.2328799918983029
Ac_DA_2_1,single_b,25,True,107.16954164607662,1.4746038672665995,7.092485140288282,4.809756231980642,105.07649573516971,1.241678679863908
Ac_DA_2_1,single_b,27,True,110.06494362459989,1.4938984213050657,7.234526395951869,4.842716407472876,108.57493521125431,1.2718055982423306
Ac_DA_2_1,single_b,29,True,120.51930615423854,1.4779330797613381,7.529753515544126,5.094786508709892,117.21104710166111,1.2117378331777096
Ac_DA_2_1,single_b,31,True,131.8761023913307,1.3970320957806528,7.657928499125275,5.4815694802244845,130.76954482150109,1.1779902392258892
Ac_DA_2_1,single_b,33,True,138.3076818214307,1.240922837293576,7.3912961438663025,5.95628988502343,138.06072354879245,1.1230381069620174
Ac_DA_2_1,single_b,35,True,137.79641564882056,1.0630796803124574,6.828525454557962,6.423343029706806,138.0414404196181,0.9037639496038732
Ac_DA_2_1,single_b,37,True,132.54803095662876,0.9081637906323103,6.190044839884087,6.816000487725082,132.61647888386398,0.8402710962294496
Ac_DA_2_1,single_b,39,True,123.89015507124908,0.7966843975147031,5.605141979913282,7.035586484935318,123.33037796843877,0.7420889163971406
Ac_DA_2_1,single_b,41,True,113.47220319217362,0.7314479759476632,5.139981176346786,7.027131587434406,113.66349898065084,0.6962602496938334
Ac_DA_2_1,single_b,44,True,106.34590657307893,0.6493779104764261,4.688503108436505,7.2199916763363765,104.69991297647358,0.6484490321261646
Ac_DA_2_3,single_a,5,True,137.0098363879212,0.6403137454025629,5.284420271658326,8.252860897646404,136.67524354633238,0.6832371459593664
Ac_DA_2_3,single_a,7,True,144.42958100904488,0.6400974655095182,5.4247058401849335,8.474812247329963,144.34091975230177,0.6773057459092608
Ac_DA_2_3,single_a,9,True,148.19508111567401,0.6696455318723104,5.620364031255683,8.39304342932193,148.34421918960894,0.7028355457206708
Ac_DA_2_3,single_a,11,True,146.188934123708,0.7742126866112004,6.002227541154491,7.752685592671943,145.81939648904975,0.7896499980446343
Ac_DA_2_3,single_a,13,True,145.42240747278365,0.9221216469629961,6.533333645022826,7.085110371869409,144.2023358958097,0.8562250336437225
Ac_DA_2_3,single_a,15,True,146.8664331894514,1.0887691540529079,7.1343472130392325,6.5526720576918045,145.7617378436615,1.1354880119363324
Ac_DA_2_3,single_a,17,True,145.38202055060523,1.2363244326016998,7.563915001700096,6.118066425155672,144.24526822292296,1.2167980094938435
Ac_DA_2_3,single_a,19,True,139.6130081105888,1.3898067712761442,7.858962519286725,5.654715951679018,138.6147057052447,1.3507070402973405
Ac_DA_2_3,single_a,21,True,121.6226687718656,1.4911710895717667,7.597943604062366,5.0952862868635265,121.44704980377303,1.4094580448642913
Ac_DA_2_3,single_a,23,True,110.91574568370685,1.4657386534737031,7.193660467488813,4.907873890369417,110.82716339777667,1.4305341737045483
Ac_DA_2_3,single_a,25,True,110.75684582283507,1.397473975432855,7.0191127352081315,5.022714453794408,110.63047630316133,1.3870807963664857
Ac_DA_2_3,single_a,27,True,113.06088102148561,1.3262180843251368,6.90857885720577,5.2092328847417955,112.52529714320525,1.2663312889111764
Ac_DA_2_3,single_a,29,True,114.43785044652593,1.286514360987604,6.84569000034449,5.32111432871168,113.80941003309192,1.254802142596594
Ac_DA_2_3,single_a,31,True,118.42986306809789,1.2368368450357188,6.828288850369656,5.520767656442561,117.94628745148268,1.201243209192081
Ac_DA_2_3,single_a,33,True,130.30585967792854,1.2198465149472046,7.113111745556704,5.831153065895804,129.96612370998105,1.1327744087478715
Ac_DA_2_3,single_a,35,True,140.0389283026887,1.0445079201222223,6.823470552224341,6.532713080266446,138.3517369629053,0.9571657172439298
Ac_DA_2_3,single_a,37,True,141.30366543554993,0.8150833964943346,6.054841804016218,7.428493611890551,139.4203690238473,0.8163593207845973
Ac_DA_2_3,single_a,39,True,134.78840364091957,0.6719469667302825,5.3693143091588915,7.990681668355708,132.42026626129748,0.6852576976899818
Ac_DA_2_3,single_a,41,True,125.14325145996058,0.5856669142954565,4.830077799816576,8.247141304929348,123.68488407875711,0.6327625605892735
Ac_DA_2_3,single_a,44,True,112.16105788397302,0.5350959597233103,4.370810200761568,8.168273599041274,111.0809788488432,0.5739503491015271
Ac_DA_2_3,single_b,5,True,143.26698384614497,0.7011106766147076,5.654463603319242,8.065008552746129,142.8818525831514,0.7261800209928975
Ac_DA_2_3,single_b,7,True,143.50287096823706,0.7059749749705775,5.678714199512574,8.043789653803582,143.07113929912137,0.7609477434436902
Ac_DA_2_3,single_b,9,True,146.47719697854268,0.7711700479554067,5.996324822060156,7.77561944730366,145.62654187890115,0.8484679272164077
Ac_DA_2_3,single_b,11,True,143.4231006143151,0.9186319634434406,6.475978428444625,7.049589700939408,143.25673592326058,0.9094343607634103
Ac_DA_2_3,single_b,13,True,144.51440999272072,1.1237668841950526,7.189832215961937,6.397974808727319,144.14024267459519,1.0770661780513202
Ac_DA_2_3,single_b,15,True,146.2875943496584,1.3534645433649397,7.938752349127569,5.865504484802018,145.865798217116,1.241434683034027
Ac_DA_2_3,single_b,17,True,143.07572516653232,1.5120261810066427,8.298272594341377,5.488180494875254,142.51458483491209,1.325303443391946
Ac_DA_2_3,single_b,19,True,140.51945885247954,1.5856693627741087,8.421697066551866,5.311130595232169,138.8795752928317,1.3828846881624224
Ac_DA_2_3,single_b,21,True,131.8729094812892,1.5367178744346721,8.03156038771686,5.22643780054391,130.8744783814941,1.3579728225978867
Ac_DA_2_3,single_b,23,True,130.30995989929045,1.4604248555959694,7.78311553167861,5.329350224255449,130.12043770539685,1.269287230236763
Ac_DA_2_3,single_b,25,True,134.0157871065495,1.40114943128775,7.731170867921337,5.517734722138719,133.52246177750163,1.2571014872983586
Ac_DA_2_3,single_b,27,True,145.30770255481042,1.4101736048319804,8.076174098691007,5.727077908009254,144.14427125031716,1.3273866653257609
Ac_DA_2_3,single_b,29,True,152.8946388413466,1.427635081249181,8.335464342497948,5.838651944027892,152.5381556578564,1.2967510599857277
Ac_DA_2_3,single_b,31,True,157.61922561426218,1.3494204689014362,8.228170932214326,6.097559005395023,157.47909523340243,1.2678100328881885
Ac_DA_2_3,single_b,33,True,162.5026972849492,1.2353764126452247,7.993831748413818,6.470766048784425,162.39087125905587,1.1783954824099447
Ac_DA_2_3,single_b,35,True,165.4476676151829,0.9182434449006212,6.953993918847985,7.573148447142572,165.42528850782213,1.117273561435644
Ac_DA_2_3,single_b,37,True,160.82930916212553,0.9065766785553571,6.812553615733319,7.5145917349089775,160.45718609304592,0.8640258162767231
Ac_DA_2_3,single_b,39,True,152.35836186191372,0.7984166368121135,6.222615978876286,7.7936952863628965,152.1033273115226,0.8073573066319352
Ac_DA_2_3,single_b,41,True,145.3266819763193,0.7434440297645065,5.864377000116311,7.888121721784372,143.86840462671,0.7521279902710649
Ac_DA_2_3,single_b,44,True,131.1159272726139,0.6929295625223878,5.377709447957668,7.760831315064466,130.40965400120623,0.7239588100793262
Ac_DA_2_4,single_a,5,True,129.6001428354702,1.301210391876224,7.326584540846306,5.630591783302664,128.04766787217065,1.4406256847081478
Ac_DA_2_4,single_a,7,True,137.4265456312898,0.8052272369319352,5.934984745009672,7.37057127826806,136.0512853009175,0.7485722261271606
Ac_DA_2_4,single_a,9,True,145.11731415650112,0.8399929859552584,6.229059932074173,7.415609458917505,144.00660171227187,0.7594340532246877
Ac_DA_2_4,single_a,11,True,151.31355938890877,1.1333086704792714,7.388190638188806,6.519133604673095,149.8067120433327,1.2842237068506688
Ac_DA_2_4,single_a,13,True,158.73997942248576,1.1723685538713071,7.696624590135434,6.56502135332803,157.6680057414145,1.2523499009197843
Ac_DA_2_4,single_a,15,True,165.8318181799232,1.2946732962631315,8.266831583664569,6.385264612721574,164.28389263154497,1.2171744727515454
Ac_DA_2_4,single_a,17,True,164.38138263659445,1.4949174318541207,8.84422904423727,5.916199019278224,163.3951414812616,1.3263728136651096
Ac_DA_2_4,single_a,19,True,158.6462285900814,1.6525694593560676,9.13523662287524,5.527898734395608,157.01198516115704,1.421609141047241
Ac_DA_2_4,single_a,21,True,151.64849281453894,1.7002846082602903,9.05951450219791,5.328234142793006,149.88559906817576,1.4504322603492525
Ac_DA_2_4,single_a,23,True,146.7762560797038,1.730815537187599,8.992456777463945,5.195502688909173,145.75739206446667,1.5129671515199894
Ac_DA_2_4,single_a,25,True,147.4489268363922,1.6850890695448104,8.893184500845175,5.277575329147124,142.83106578747498,1.404889145747791
Ac_DA_2_4,single_a,27,True,141.77428154650894,1.7158921502577456,8.799718611733757,5.128363464109294,140.71023632591636,1.470462353500271
Ac_DA_2_4,single_a,29,True,145.31041098701618,1.64216338277637,8.715285352341908,5.307197471184119,144.37217070470348,1.4337180642575182
Ac_DA_2_4,single_a,31,True,147.992554898331,1.6165668066394991,8.726534823287274,5.398190033004511,146.8868702353845,1.4228246818942631
Ac_DA_2_4,single_a,33,True,153.94222153002082,1.4602417463924544,8.458947285305975,5.792840333598125,151.97154675947718,1.301161295687201
Ac_DA_2_4,single_a,35,True,154.24428308974117,1.2411573707886325,7.806260271789549,6.289500796203985,153.49384558057753,1.14597629832933
Ac_DA_2_4,single_a,37,True,157.79976821099768,0.9832877342423835,7.0277864282453955,7.147232883628165,156.21164157530757,0.9926850530839983
Ac_DA_2_4,single_a,39,True,155.8480330419492,0.8730046359919111,6.580880449828401,7.538196452245846,154.596025912127,0.900726183661882
Ac_DA_2_4,single_a,41,True,154.22499588038175,0.8193419804242233,6.342128701209698,7.740514770067062,152.99335775302796,0.8573053298077609
Ac_DA_2_4,single_a,44,True,145.55356174498576,0.7330670473996687,5.827849543046535,7.949954323713023,144.7695133248033,0.8319970145285138
Ac_DA_2_4,single_b,5,True,113.00878276049082,0.7403866984432367,5.160722013431315,6.97030622549329,112.16164271760198,0.7344807206506443
Ac_DA_2_4,single_b,7,True,113.70351417270881,0.7681179646141534,5.272613879921819,6.864328296982868,112.44602692341053,0.7600494134213612
Ac_DA_2_4,single_b,9,True,118.47219377192572,0.8366213462013069,5.61691367719754,6.713806314769794,116.51745161532943,0.8385134753601815
Ac_DA_2_4,single_b,11,True,124.51494689700579,0.8594748656843126,5.836498764088453,6.790773060526257,122.89549321677498,0.900655199860615
Ac_DA_2_4,single_b,13,True,132.56007591251705,1.2725114449082473,7.327608946682013,5.758383530460397,131.109143841726,1.1637849162196572
Ac_DA_2_4,single_b,15,True,141.7585368223336,1.4547355864663325,8.101990060775043,5.56939016007398,140.38013711635344,1.2881303036174747
Ac_DA_2_4,single_b,17,True,147.25920973944528,1.7057897906510857,8.941884415685935,5.242078751258614,146.36496449015638,1.4496576448058967
Ac_DA_2_4,single_b,19,True,143.82889708337177,1.7401294735833113,8.925630831355438,5.129291220483491,143.47504136285954,1.4545485939475498
Ac_DA_2_4,single_b,21,True,136.42441098181624,1.814437229431421,8.876506624390888,4.892154151385256,137.46170359910974,1.4916369754713144
Ac_DA_2_4,single_b,23,True,136.0218746145603,1.8800560089217973,9.022249552477975,4.798925941388411,135.56953234634258,1.5586872635633244
Ac_DA_2_4,single_b,25,True,136.66634157543942,1.9050708384328923,9.103563223819163,4.778595651229294,136.52433123127753,1.5387463328894693
Ac_DA_2_4,single_b,27,True,140.05040143765575,1.897742946158691,9.197841800191098,4.846726907249938,139.9334641846034,1.5665554713320753
Ac_DA_2_4,single_b,29,True,143.28500497858857,1.8504835322337179,9.186880082328125,4.964583538465023,142.42470647957197,1.4891745780178671
Ac_DA_2_4,single_b,31,True,144.68358600645308,1.7162954998332094,8.890592967639243,5.180106204615252,143.4647330499604,1.3935146573834498
Ac_DA_2_4,single_b,33,True,147.64226385069426,1.4202226314066786,8.169747346829107,5.752441318821452,147.63292406687395,1.2152986823029563
Ac_DA_2_4,single_b,35,True,152.63717734149841,1.1636236435870697,7.51902441950847,6.461732245599432,152.3319356872278,1.1119267296792932
Ac_DA_2_4,single_b,37,True,152.30877939668397,1.038407363126737,7.095310605898658,6.83287778751303,151.43101777273904,0.8997717071179633
Ac_DA_2_4,single_b,39,True,143.68703964243687,0.8372797373496154,6.188268556716199,7.390921194755033,141.95574913023285,0.8339904486938984
Ac_DA_2_4,single_b,41,True,131.9185445958227,0.7426073818168288,5.584157002394692,7.519662663105707,130.49154351507036,0.7297429609861649
Ac_DA_2_4,single_b,44,True,125.91990239523574,0.7353245300344198,5.428899222634061,7.382997575750587,124.52936365300096,0.7423045766694162
Ac_DA_2_6a,single_a,5,True,143.72993651818243,0.6948730386552631,5.638341950437227,8.114204519071135,140.99446914783283,0.68147946761345
Ac_DA_2_6a,single_a,7,True,144.96942608190997,0.7028096142694913,5.694847783570005,8.102973647407055,142.36530407361002,0.6747637951181187
Ac_DA_2_6a,single_a,9,True,151.83927730501134,0.750972447643566,6.024612650788827,8.022415029596782,149.18137527084264,0.72021101319339
Ac_DA_2_6a,single_a,11,True,161.20990568973113,0.8045479503977293,6.425351517724817,7.986287845924455,158.09937036333773,0.7388340120673871
Ac_DA_2_6a,single_a,13,True,166.27146883244825,1.2178317367162297,8.02837359915745,6.592350451307185,164.22471571374217,1.3013165731000316
Ac_DA_2_6a,single_a,15,True,161.12188410330498,1.3209720445820865,8.230934448009151,6.230967931356304,159.94090753117166,1.369258572278883
Ac_DA_2_6a,single_a,17,True,150.5033755169314,1.4766861868957548,8.41089652527486,5.695791428073146,150.0113822466359,1.3965713464368976
Ac_DA_2_6a,single_a,19,True,145.00845714879662,1.4821295393673297,8.271129318711644,5.580571130268617,142.21418237200368,1.3583974342990153
Ac_DA_2_6a,single_a,21,True,139.0399649760379,1.5564563392565525,8.299718444208096,5.332445398482871,136.66499776663215,1.4823936779605085
Ac_DA_2_6a,single_a,23,True,134.64179344375856,1.6047567869986685,8.29315186203868,5.167855920116798,131.85016256309999,1.51297269084339
Ac_DA_2_6a,single_a,25,True,135.3597880295571,1.6555377183883526,8.445773618297945,5.101528962154853,133.16262972848656,1.5323402888476154
Ac_DA_2_6a,single_a,27,True,131.47716880268408,1.6928838803790514,8.417125842165612,4.972063317349885,128.57564101360663,1.4957331898273374
Ac_DA_2_6a,single_a,29,True,125.11568652207731,1.6169802228053027,8.024783036301297,4.962820771165081,123.77322827394326,1.505481522517763
Ac_DA_2_6a,single_a,31,True,121.95081521784451,1.514327323016715,7.667032368758136,5.062995464867214,119.1191622792127,1.4360143808159063
Ac_DA_2_6a,single_a,33,True,127.720996949064,1.3573784255974524,7.428595051089515,5.472751674110193,125.46816110354385,1.2954341691516782
Ac_DA_2_6a,single_a,35,True,125.3571649049437,1.1242991506241489,6.697929711133573,5.957426639889617,124.08747352587848,1.1227167635491049
Ac_DA_2_6a,single_a,37,True,122.28231854929089,1.1259449125170193,6.620113988899335,5.87960735494621,120.85100803112053,1.063922320657268
Ac_DA_2_6a,single_a,39,True,122.93125121434998,0.8032306570795246,5.606300244269172,6.9796890779208836,121.79713307342163,0.8596129773046356
Ac_DA_2_6a,single_a,41,True,123.49505751109939,0.7207259548155159,5.3227360829546795,7.385242681203481,122.06667197545735,0.8028600247324202
Ac_DA_2_6a,single_a,44,True,118.37914579854649,0.6494633210683077,4.946978001001082,7.617024457768849,116.86294832301972,0.7541330388078573
Ac_DA_2_6a,single_b,5,True,106.411636008726,0.6618780125398375,4.734875901239135,7.1536987353151416,104.45355110043576,0.6958799591925727
Ac_DA_2_6a,single_b,7,True,112.8845580860582,0.7189877138925882,5.082800533519565,7.069384407142874,110.7224537515763,0.7605995287914403
Ac_DA_2_6a,single_b,9,True,120.83514126624452,0.7930121684286049,5.522829251827164,6.964368860532039,119.30091936935307,0.8336850358756015
Ac_DA_2_6a,single_b,11,True,132.34724299787734,0.8849683341615896,6.105853481000524,6.899516338949178,130.61003685643192,0.8907345977139546
Ac_DA_2_6a,single_b,13,True,144.74750475368887,1.087431012295285,7.078340719376389,6.509231978252897,142.9434827806898,1.0662783763590538
Ac_DA_2_6a,single_b,15,True,145.7504117486151,1.2909281952522886,7.738931489538032,5.994858209774865,144.21001894806483,1.170700379557154
Ac_DA_2_6a,single_b,17,True,141.09611355949954,1.4812807449837508,8.15645187581938,5.506351110983255,139.9402700344105,1.3106297946408407
Ac_DA_2_6a,single_b,19,True,139.85637173286614,1.5056506396291371,8.18706613744736,5.437560295835924,138.14950136934186,1.4128111078062067
Ac_DA_2_6a,single_b,21,True,139.1559665872672,1.5233901964826406,8.214508021212474,5.392254748769535,135.32446425378862,1.476146039468891
Ac_DA_2_6a,single_b,23,True,137.05243949288058,1.57275058608978,8.28320436753282,5.266699272468099,132.67575621540243,1.572964083595743
Ac_DA_2_6a,single_b,25,True,136.93961616626572,1.6048044634844052,8.363742983785112,5.211689756660742,132.22081708368552,1.5669040222159945
Ac_DA_2_6a,single_b,27,True,136.63653263546914,1.5809341204116842,8.292115950337381,5.245073683511914,133.09012556744713,1.516841881580321
Ac_DA_2_6a,single_b,29,True,144.10114016548422,1.496154709422678,8.28413226329244,5.536948960638598,141.31531534826797,1.4287961908858342
Ac_DA_2_6a,single_b,31,True,150.2143129525551,1.4146920655633746,8.224541198307714,5.813661784433946,149.25984416920545,1.329191159439178
Ac_DA_2_6a,single_b,33,True,151.88389526670596,1.2783800413664235,7.861599543106278,6.149657604716077,151.08759910595217,1.1821962429367774
Ac_DA_2_6a,single_b,35,True,150.6365516152079,1.1926224852546392,7.562088276453312,6.340722542086497,150.17856123168474,1.0619225305864668
Ac_DA_2_6a,single_b,37,True,149.57955698122848,0.8847314538573166,6.490332087956723,7.335934604404197,149.81118386293454,0.9280744835874896
Ac_DA_2_6a,single_b,39,True,150.77960473775116,0.8438869948249603,6.364122211583883,7.54143890190408,150.64919782207872,0.8966154516427635
Ac_DA_2_6a,single_b,41,True,151.3761171784247,0.8349511507229472,6.342847620537033,7.596669116564534,150.62670361198593,0.8500469120080452
Ac_DA_2_6a,single_b,44,True,146.8305390913491,0.7936555512514023,6.090448699728835,7.673919359759627,146.2511414518767,0.8432411188945331
Ac_DA_2_6b,single_a,5,True,118.26740697756469,0.7812654207077971,5.423216003029267,6.941579467469629,116.22996530379933,0.7280995700411029
Ac_DA_2_6b,single_a,7,True,122.29734452454912,0.7660584871952439,5.460903994695358,7.128573191179262,119.89037741647363,0.7465952877793766
Ac_DA_2_6b,single_a,9,True,129.30375762322737,0.8133833953820285,5.785998114105979,7.113494259848299,127.13306947954747,0.7788442884397707
Ac_DA_2_6b,single_a,11,True,137.00216218345787,0.907103250187672,6.289514690110722,6.933626010941395,135.63242190940315,0.8173620214622761
Ac_DA_2_6b,single_a,13,True,147.264268299307,1.107102961713268,7.203901431609062,6.506984156614354,144.71168576334554,1.2048771001977143
Ac_DA_2_6b,single_a,15,True,150.81239677777106,1.2424695672668553,7.723007643703454,6.215852562644475,149.07869256992944,1.2654148818330235
Ac_DA_2_6b,single_a,17,True,148.71978876823096,1.4248604539848277,8.21288251228189,5.763990774895451,147.57415132873086,1.3771903779377976
Ac_DA_2_6b,single_a,19,True,139.96577289647792,1.558972794082103,8.334033755287402,5.345849386803662,139.60209753548665,1.4577536603852743
Ac_DA_2_6b,single_a,21,True,135.99370547405783,1.617027963809883,8.366488770965226,5.1739913954567145,134.75154195677936,1.532380270860138
Ac_DA_2_6b,single_a,23,True,141.15301550097942,1.5812940691207646,8.429007979318959,5.330449373028812,139.49770946480777,1.4745051867926207
Ac_DA_2_6b,single_a,25,True,141.72782459811714,1.5509009292222646,8.364589883101887,5.393374731741573,138.71139166291948,1.4472438248471016
Ac_DA_2_6b,single_a,27,True,133.28103507462362,1.5447349162376705,8.095361064578128,5.240615059245925,131.4516949971289,1.4418858634160567
Ac_DA_2_6b,single_a,29,True,125.60743513606386,1.5235445559503697,7.804773737266195,5.122773539365028,124.0739294811118,1.424367699679796
Ac_DA_2_6b,single_a,31,True,117.59108883147749,1.4990562112440604,7.4906797259563795,4.996930515193887,116.72428666398545,1.3808438664714762
Ac_DA_2_6b,single_a,33,True,116.15965283070878,1.3936328144975878,7.178387494915195,5.150845631819485,114.59963981672519,1.3333425515550432
Ac_DA_2_6b,single_a,35,True,117.3709550060701,1.2069563175706315,6.715079504534079,5.563647504700277,115.26113403902119,1.20129846496432
Ac_DA_2_6b,single_a,37,True,114.99870863584903,0.8345348112396123,5.527054844226571,6.622917066834781,113.60980150965233,0.87416486933206
Ac_DA_2_6b,single_a,39,True,113.91361215908853,0.7506178530078785,5.217017820098188,6.950298076701127,112.77689119315144,0.7766689294503287
Ac_DA_2_6b,single_a,41,True,111.76840466641023,0.7129237448781627,5.0362366541334085,7.064201031758441,111.19815911803082,0.754322148094348
Ac_DA_2_6b,single_a,44,True,99.87414596287849,0.6846017857300671,4.66520375784308,6.814477927293241,97.98427437773927,0.7216683654674555
Ac_DA_2_6b,single_b,5,True,107.91330971912662,0.6349330908994006,4.670103986874457,7.355269482425499,101.04694287235924,0.7087862411504859
Ac_DA_2_6b,single_b,7,True,115.29265503336418,0.6394825394455139,4.844402609171938,7.575504115206101,108.81422496754533,0.705154868163309
Ac_DA_2_6b,single_b,9,True,120.93884711620846,0.6617806097053981,5.047368288713923,7.626951008674667,115.63314517080367,0.7354901353619112
Ac_DA_2_6b,single_b,11,True,122.96929716539002,0.7149145730289884,5.289936807027469,7.399397084066675,120.18620226069919,0.7619243874911261
Ac_DA_2_6b,single_b,13,True,132.92129220851547,0.8375889036246574,5.953026263542754,7.107336591711153,130.00447261434732,0.8755332671244852
Ac_DA_2_6b,single_b,15,True,146.14227969963352,1.1417715199524843,7.287903365486176,6.382978764253524,143.13899124978633,1.1298030765060063
Ac_DA_2_6b,single_b,17,True,150.8604286811014,1.2843989408583116,7.853490120953039,6.114525534959466,150.5498130915288,1.1646618304416991
Ac_DA_2_6b,single_b,19,True,162.84364769424855,1.3549520603849554,8.380548417476081,6.185125409599425,160.6924860082152,1.2314485986111008
Ac_DA_2_6b,single_b,21,True,161.57285974358214,1.3596917764028558,8.36237241914998,6.150197099281666,160.175853509913,1.2501256227427187
Ac_DA_2_6b,single_b,23,True,144.8080286394656,1.314796823973147,7.784858219339059,5.9209590998358355,143.1736323078784,1.2512653465051191
Ac_DA_2_6b,single_b,25,True,147.32161298662842,1.3401158803477258,7.927376283472646,5.915440895615456,141.93913892210603,1.2455436943432245
Ac_DA_2_6b,single_b,27,True,154.61220826156435,1.3794987622624113,8.239628151795472,5.972914494161838,150.39989430633608,1.2566296605714466
Ac_DA_2_6b,single_b,29,True,164.32455634431207,1.3976182905457808,8.550088020115298,6.117613140835774,161.87733832275208,1.2454102060003034
Ac_DA_2_6b,single_b,31,True,160.51835427436853,1.4283528521685531,8.542896918407253,5.980942947981839,159.69947679307677,1.269473476953359
Ac_DA_2_6b,single_b,33,True,155.41379542153499,1.3965712397490402,8.311920755208439,5.951662556578257,153.96868669360282,1.2759703709750536
Ac_DA_2_6b,single_b,35,True,146.76030897986755,1.2920313056022381,7.769013760656104,6.0130228477976635,146.46540455949372,1.1467460629846387
Ac_DA_2_6b,single_b,37,True,138.36515583533662,0.8274871754146502,6.036970696390922,7.295545932014985,136.6898992508444,0.9226814791714978
Ac_DA_2_6b,single_b,39,True,130.69429222048296,0.8106158918243163,5.807121745715351,7.163839007209991,128.42665597139677,0.8592265806675852
Ac_DA_2_6b,single_b,41,True,126.31877361185322,0.7610735214432642,5.531874518228577,7.268515277917157,124.49473991256323,0.8205262448145184
Ac_DA_2_6b,single_b,44,True,129.70479176044918,0.7521540502555389,5.57258207026489,7.408830768606038,126.93640598199572,0.7953036963039597
Ac_DA_2_7,single_a,5,True,140.01367289694534,0.7144606705136396,5.642862283340126,7.898072652877258,139.6440755996413,0.7612281033275343
Ac_DA_2_7,single_a,7,True,146.01579416550797,0.70767772936889,5.735123116394735,8.10414526045541,145.7068153490828,0.7813945199136016
Ac_DA_2_7,single_a,9,True,147.53081995384557,0.7552234856448249,5.955307420728427,7.885490234249888,147.16801889583252,0.8133040943446699
Ac_DA_2_7,single_a,11,True,148.28182743367202,0.8507879589322409,6.336941470106614,7.4483205874935345,148.14077203061885,0.8651498889369755
Ac_DA_2_7,single_a,13,True,151.08010783124325,0.9591654560871485,6.791652728965598,7.080793710682297,148.7714153374983,1.0453176661709223
Ac_DA_2_7,single_a,15,True,147.1985935606785,1.1485690573805922,7.335934583493281,6.3870209077576,145.05746525529736,1.182542185441782
Ac_DA_2_7,single_a,17,True,147.2560169557356,1.277380786398045,7.7378762174510385,6.05761124626767,145.13662127100855,1.2601667508381376
Ac_DA_2_7,single_a,19,True,140.4577255698565,1.3648594504203801,7.811633245392595,5.7233975578852405,137.73223710897787,1.3346754709975421
Ac_DA_2_7,single_a,21,True,125.14141882565656,1.3586281096797888,7.356578928288187,5.414711263424424,123.68610362385914,1.3046560970580339
Ac_DA_2_7,single_a,23,True,113.29520776715071,1.315867041214189,6.888693124299072,5.235098158505949,112.1911801693854,1.322847245571019
Ac_DA_2_7,single_a,25,True,110.71164855324223,1.2885676412447702,6.738687750835827,5.2295956650953785,110.0288452453012,1.2954294721180089
Ac_DA_2_7,single_a,27,True,115.36303888233886,1.2662061502775321,6.8188418325761715,5.3852540765827035,114.45599647105226,1.232959078327403
Ac_DA_2_7,single_a,29,True,118.92076420895677,1.2375073634950862,6.844280583012507,5.530698874940216,118.176065402299,1.1714893291605966
Ac_DA_2_7,single_a,31,True,120.48848602891138,1.233686521749862,6.878603040782651,5.575649015785659,119.39584721332363,1.1545070380930298
Ac_DA_2_7,single_a,33,True,120.91111003073482,1.1837580797846603,6.749780437007903,5.701993128727593,119.65907662977702,1.0934259791443752
Ac_DA_2_7,single_a,35,True,120.83007278263624,0.8836817288909942,5.829892141498729,6.597275864032118,118.99801412819309,0.8948200549622372
Ac_DA_2_7,single_a,37,True,120.99130050968012,0.7728484046106969,5.45568508000274,7.059191747637631,119.97269461216854,0.8087485076247473
Ac_DA_2_7,single_a,39,True,124.39222781200236,0.6476941075355559,5.064151150170084,7.818738956015717,122.93690369306461,0.7317899440674674
Ac_DA_2_7,single_a,41,True,117.48520236511922,0.5647573417577705,4.595656826753709,8.137400768354823,115.96820857793797,0.6439706317249251
Ac_DA_2_7,single_a,44,True,93.92004179573816,0.5355391331281393,4.00128796526697,7.471513691063125,92.6210186018397,0.6396735621191956
Ac_DA_2_7,single_b,5,True,91.87730112109367,0.684037870307216,4.4726946649650134,6.538665268570921,90.67385434272805,0.790980765464815
Ac_DA_2_7,single_b,7,True,96.2618570202374,0.6770699221387319,4.554796120614977,6.727216749235093,94.75633129985522,0.7828446355450878
Ac_DA_2_7,single_b,9,True,103.48191537399055,0.7023547572073185,4.809894571272601,6.848240895238691,101.27651487375411,0.7557417276769168
Ac_DA_2_7,single_b,11,True,106.71935986673621,0.8111397241310608,5.249216735766554,6.471408783967293,104.25724920837033,0.8768533515807243
Ac_DA_2_7,single_b,13,True,105.26614871594005,1.1342102526821094,6.164760586318868,5.435289067208508,104.45575617960799,1.1242148950108688
Ac_DA_2_7,single_b,15,True,112.36431163186907,1.3578953891233199,6.969031350921701,5.132229924884733,111.73918794203811,1.26620995428758
Ac_DA_2_7,single_b,17,True,117.34747928571532,1.4575032476443317,7.3784767265300175,5.062408429247326,116.999220278836,1.313254065597663
Ac_DA_2_7,single_b,19,True,115.51800237638936,1.496038394258272,7.416880272128054,4.957680431594341,114.66887614488837,1.3613178920711129
Ac_DA_2_7,single_b,21,True,111.04636714472268,1.4055873276226105,7.048653433498095,5.014738888845905,110.27065731421975,1.2660621874064195
Ac_DA_2_7,single_b,23,True,105.29696046521482,1.3317232155453154,6.680976843353832,5.016790850655929,105.4169155862845,1.250228913457633
Ac_DA_2_7,single_b,25,True,109.24565835678412,1.3539919428882867,6.861754831623857,5.067795910946567,109.06959650215062,1.2454284301580547
Ac_DA_2_7,single_b,27,True,119.31815153631537,1.369016899769887,7.210787988889743,5.267128543191671,118.60104492550855,1.2983005857334808
Ac_DA_2_7,single_b,29,True,127.57294345507633,1.382757151135033,7.493372259538902,5.419152779928121,126.92679188830803,1.3091013327909182
Ac_DA_2_7,single_b,31,True,133.97791842895248,1.308307092955046,7.46958587622755,5.7093521211110705,133.890704339023,1.2801409769466137
Ac_DA_2_7,single_b,33,True,135.86196645765048,1.230770539576002,7.295625923954097,5.927689759674801,135.55053661174048,1.2102507341205437
Ac_DA_2_7,single_b,35,True,132.65767592482783,1.0609008601184087,6.693120696122824,6.308903072597938,132.3175621792502,1.1751863932224558
Ac_DA_2_7,single_b,37,True,125.25724417949745,0.8771187293002026,5.9136508854639125,6.742132721509709,124.14596267998002,0.8359223116527169
Ac_DA_2_7,single_b,39,True,117.63002736339354,0.7242697257293521,5.20756055528089,7.1900845365817085,116.3438352847831,0.7615455774301925
Ac_DA_2_7,single_b,41,True,108.15505575742411,0.6282998121282408,4.65084580801177,7.402271524255202,107.10348431337627,0.6648014223995399
Ac_DA_2_7,single_b,44,True,89.23541756008993,0.585496649017051,4.078081498072165,6.965166248036719,88.64811756464297,0.618915508776421
Ac_DA_3_1,single_a,5,True,95.12327119130208,0.6182785378494926,4.32673740026194,6.998039128628457,92.87881313092171,0.6630379460798758
Ac_DA_3_1,single_a,7,True,98.07108483260694,0.6298939190400384,4.434342776244914,7.039824710489149,95.68754947815489,0.6749318281572014
Ac_DA_3_1,single_a,9,True,107.38609644443031,0.6515549540587697,4.719267741497992,7.2430847346029354,105.22350544409977,0.6713482853399444
Ac_DA_3_1,single_a,11,True,122.52202407642878,0.7439887187502164,5.386607360521894,7.2401734391491095,120.13264614700569,0.760422606778542
Ac_DA_3_1,single_a,13,True,125.20992736409887,0.8945546258758936,5.971011098026577,6.674842346469479,123.60934300485917,0.822629515557814
Ac_DA_3_1,single_a,15,True,128.20319156115306,0.9264918162359346,6.148869498922538,6.636722949052694,127.53686955614519,1.086564367859805
Ac_DA_3_1,single_a,17,True,136.99533101667657,1.2190979296324098,7.291170322998391,5.980791325924794,136.24333606972,1.1137545726811384
Ac_DA_3_1,single_a,19,True,141.53974900121162,1.3197690841328629,7.7110452127538665,5.842723022884195,139.74023177457173,1.1420806145557802
Ac_DA_3_1,single_a,21,True,141.79910603101277,1.3626015920810777,7.842350638651161,5.75542453805127,140.666500899916,1.1319285695536787
Ac_DA_3_1,single_a,23,True,130.6053181470102,1.3699257669521627,7.546646575113246,5.508799642409216,129.94804614056812,1.1188128164789353
Ac_DA_3_1,single_a,25,True,130.3273912992947,1.3797540442655838,7.565606560995707,5.483300877021695,130.111025594382,1.1199708636330992
Ac_DA_3_1,single_a,27,True,135.34392773106558,1.4499747493464288,7.90359487858448,5.450850011110193,134.74620607196863,1.2194638763721977
Ac_DA_3_1,single_a,29,True,149.22687124672544,1.3586566969232614,8.033475014523948,5.912807137164311,148.07942857377674,1.156788650453246
Ac_DA_3_1,single_a,31,True,154.612182257103,0.8590134221116712,6.501998927657249,7.569147070686857,153.84406362047514,1.1082360446769721
Ac_DA_3_1,single_a,33,True,151.25463776006148,0.9916479988363283,6.90968395543021,6.967879694749079,150.20797394664578,0.8504522162598639
Ac_DA_3_1,single_a,35,True,144.51242053075944,0.8515770484353569,6.258779123533686,7.3496334066697075,142.81045010935458,0.7655305707683775
Ac_DA_3_1,single_a,37,True,128.3772821378447,0.8002697167341913,5.71856871009501,7.145801709743348,125.51349843787015,0.7560947904558386
Ac_DA_3_1,single_a,39,True,106.49658800074624,0.7751049921662283,5.125935977453764,6.613215021526349,103.35964587954199,0.7378751725409242
Ac_DA_3_1,single_a,41,True,87.73705906443656,0.7585390002921029,4.602624633848984,6.067749492216717,87.29436606650961,0.7017489414757505
Ac_DA_3_1,single_a,44,True,69.99381758086147,0.7096819772276881,3.976370035203384,5.603030882560571,68.638823708224,0.6840876882156248
Ac_DA_3_1,single_b,5,True,116.00138517481177,0.6984823738088604,5.078487371316947,7.270745206673855,112.79528021240515,0.6893959725285492
Ac_DA_3_1,single_b,7,True,122.85032335019793,0.6832579798915874,5.16898857091953,7.5652077590659,120.13594752685579,0.6545528538506816
Ac_DA_3_1,single_b,9,True,127.61851880531655,0.7137565504959668,5.384643644717121,7.544089985549699,125.4807751085745,0.671089916154363
Ac_DA_3_1,single_b,11,True,132.6075061413051,0.7990416805030147,5.807561727187043,7.268158681698622,131.5534728219198,0.7062961225990038
Ac_DA_3_1,single_b,13,True,139.63075804904014,0.8818219460966981,6.260457376443544,7.099457440535326,138.85781409906104,0.7779927206926198
Ac_DA_3_1,single_b,15,True,146.25359850184768,0.8919814394137131,6.444010697114844,7.224377562553769,146.38361705540666,0.8079782545163008
Ac_DA_3_1,single_b,17,True,149.0973231308245,1.1625793940068172,7.427989776593506,6.38923226653194,148.07081366344093,1.2305883725238582
Ac_DA_3_1,single_b,19,True,144.5553642895536,1.2329479053419778,7.532073224815952,6.108995515691971,142.66808561479286,1.2682503308762076
Ac_DA_3_1,single_b,21,True,139.39199085848674,1.2893940933084045,7.563743841042958,5.866122607740083,136.93530515514286,1.259765619374775
Ac_DA_3_1,single_b,23,True,127.41624833997426,1.3745616676553434,7.46654324329981,5.431944902141681,125.59882411369446,1.3132377650118632
Ac_DA_3_1,single_b,25,True,126.43526366333055,1.3393082910516483,7.341747628450801,5.481745821707661,125.59845821651083,1.3461875957558695
Ac_DA_3_1,single_b,27,True,129.89649771605846,1.3039696973280135,7.342729577447633,5.631058445985167,128.56277962805098,1.275088298742855
Ac_DA_3_1,single_b,29,True,132.53573800856825,1.3012754439086114,7.409282967527201,5.6938621275078445,130.5557629262242,1.2793616828209728
Ac_DA_3_1,single_b,31,True,129.68429873769023,1.276149339021837,7.258042594359247,5.687455513570618,127.67277293646764,1.2500664851541823
Ac_DA_3_1,single_b,33,True,127.09233985831406,1.2034814010660326,6.9775738681715,5.797824430016807,125.54063157689134,1.2074343016670066
Ac_DA_3_1,single_b,35,True,129.17947748776666,0.9703643068737511,6.316685175440733,6.509601734828199,127.93979780409956,0.845386879521202
Ac_DA_3_1,single_b,37,True,126.42653000780241,0.8410798115287116,5.817853447099236,6.917124115159711,124.54090903016342,0.764612182277949
Ac_DA_3_1,single_b,39,True,122.5034704379261,0.718643484397772,5.293659534635298,7.366183162533533,119.46492071188462,0.6921330222525035
Ac_DA_3_1,single_b,41,True,114.93289495706523,0.636933003381514,4.827186887108196,7.5787984944733315,112.09581196691272,0.6253532248663466
Ac_DA_3_1,single_b,44,True,102.22724911794349,0.5364892780431487,4.1781971089317205,7.788034691339492,99.36743832302139,0.5756783956551109
Ac_DA_3_2,single_a,5,True,112.60444946609867,0.8153523408070492,5.405993269252191,6.630254184223289,109.40083797129182,0.8358121326902314
Ac_DA_3_2,single_a,7,True,119.23606485610964,0.7826540406468202,5.450217035046909,6.963762725281027,114.88098761718929,0.8028086015629676
Ac_DA_3_2,single_a,9,True,128.46024229482626,0.8230526433082428,5.801272142742875,7.048482487614382,124.63148468371386,0.8435377714285
Ac_DA_3_2,single_a,11,True,132.4425038354462,0.9124582545844946,6.202192723179881,6.7972344948582535,130.801176357168,0.911142062143753
Ac_DA_3_2,single_a,13,True,138.07405333934653,0.932226821179761,6.400912607485014,6.866260937852515,136.43132268428297,1.0761670877386433
Ac_DA_3_2,single_a,15,True,145.96683396676366,1.236095644596815,7.578411718811388,6.130926641427724,145.60932612581615,1.223146506721706
Ac_DA_3_2,single_a,17,True,159.4902686734966,1.3095523835889338,8.153678743518771,6.2263097266662655,159.02096118126525,1.2660954318471498
Ac_DA_3_2,single_a,19,True,169.94394884908922,1.2837878735213637,8.333444566837025,6.49129403596781,169.71054071290786,1.286638500063382
Ac_DA_3_2,single_a,21,True,170.9921958294542,1.2621636905159193,8.288406632036892,6.566823855191827,170.85808750103132,1.2825044462673572
Ac_DA_3_2,single_a,23,True,172.3217318378752,1.269774999004047,8.345617477920987,6.572516772236739,172.34414139098615,1.2802521796068163
Ac_DA_3_2,single_a,25,True,172.56730162062752,1.2831356708963129,8.39538480575694,6.542866039950776,172.56841569058224,1.2761517484230185
Ac_DA_3_2,single_a,27,True,171.9592787171403,1.297954078903948,8.428834660745297,6.493939036628316,172.14535278792226,1.2635601279890494
Ac_DA_3_2,single_a,29,True,164.98148117256588,1.298358270366706,8.257335624937504,6.359828264201156,165.16169628715977,1.2707428766056805
Ac_DA_3_2,single_a,31,True,156.17834850716508,1.3045537770971296,8.053162637832726,6.1731166466379666,156.13887790013595,1.2625590653181833
Ac_DA_3_2,single_a,33,True,145.9453452903965,1.2467658331285272,7.610490250412731,6.104185764632016,145.52298623160425,1.2306030344480143
Ac_DA_3_2,single_a,35,True,136.7059085355042,1.1046816705900724,6.933256706782422,6.276248526038257,135.56769024604276,0.934858363028633
Ac_DA_3_2,single_a,37,True,131.59520233859755,0.8916513304645557,6.111426917794426,6.854054616405199,127.96338449735448,0.8730016300777733
Ac_DA_3_2,single_a,39,True,116.25573380254224,0.8295597476395784,5.54059097076728,6.6789534889228,112.43381570677033,0.8124522188253267
Ac_DA_3_2,single_a,41,True,97.23958756823056,0.8113088802489428,5.011176882193223,6.176657256180395,94.16640266692222,0.7463815016952898
Ac_DA_3_2,single_a,44,True,73.0485054720365,0.7160345692502633,4.080352903074072,5.698541772007569,71.05098098375665,0.6708314065328856
Ac_DA_3_2,single_b,5,True,113.08343857156969,0.658102106315691,4.867110506966503,7.3956768414166945,111.98355689185804,0.6087205299204738
Ac_DA_3_2,single_b,7,True,115.50726465524379,0.6919862883158702,5.044039255697917,7.289218501675672,114.71095547301461,0.6604962209540476
Ac_DA_3_2,single_b,9,True,123.14361453111216,0.7666363377822711,5.481831882064558,7.150498367873384,121.87448083922094,0.707624031158174
Ac_DA_3_2,single_b,11,True,130.76464876656473,0.8673477244733193,6.0085110082425235,6.927453475353359,129.52268702596643,0.7677791744403144
Ac_DA_3_2,single_b,13,True,139.15224427910155,0.9801955063004459,6.589106464695721,6.7222369643021525,138.64785617718059,0.8408770727211892
Ac_DA_3_2,single_b,15,True,154.91767474332894,0.8525416716275522,6.483855934221554,7.60532434953413,153.37535948344004,1.0823777875203626
Ac_DA_3_2,single_b,17,True,162.87509547941735,1.2618715717615696,8.08835088798835,6.409805141023211,160.96453682131954,1.148092274298738
Ac_DA_3_2,single_b,19,True,165.9154627560492,1.3192961348559824,8.347177332885847,6.326992941427093,164.53167574660046,1.217010017504986
Ac_DA_3_2,single_b,21,True,165.90234057640106,1.3841608518912036,8.549576471764603,6.176721773400225,165.21834119529407,1.252916586805668
Ac_DA_3_2,single_b,23,True,166.1082631009602,1.4117748135758639,8.639794186985219,6.119810400287288,165.48709164552366,1.2776285902000875
Ac_DA_3_2,single_b,25,True,167.07775329770425,1.392762332925271,8.606426880921303,6.179393768386098,166.41631698230657,1.305948416974907
Ac_DA_3_2,single_b,27,True,170.498446698527,1.3063711262425497,8.420125478753885,6.44543140123762,169.31525136924947,1.2165331753667872
Ac_DA_3_2,single_b,29,True,170.8440435751966,1.2674441546475566,8.302127542238686,6.55029060791029,169.60301606942141,1.2095539313400898
Ac_DA_3_2,single_b,31,True,168.64753586464198,1.2240957885883779,8.106301742857694,6.62227729106547,167.357858799477,1.1691033593272004
Ac_DA_3_2,single_b,33,True,161.4727508514082,1.166562258017056,7.743345659433427,6.637747455155722,160.75674234459126,1.2123937595132794
Ac_DA_3_2,single_b,35,True,153.63746329239208,1.0866433496659909,7.289825639299325,6.708572450694194,152.37187919216694,1.1675120286099248
Ac_DA_3_2,single_b,37,True,144.29559096058105,0.8916721989971708,6.399620299910493,7.177099731389965,143.0924181424229,0.8387459131618377
Ac_DA_3_2,single_b,39,True,135.19133820497785,0.8052590162239163,5.886637534001742,7.310241072004166,133.05486817169512,0.7716782075196128
Ac_DA_3_2,single_b,41,True,126.05693216320338,0.7282819753108007,5.40577805812926,7.42264430727164,122.13854758846057,0.7300064808022424
Ac_DA_3_2,single_b,44,True,111.26729846827013,0.6659374160620603,4.856524050672575,7.292763454246253,108.00395636693165,0.6918693542373886
Ac_DA_3_3,single_a,5,True,130.51431557998075,0.8053180809856851,5.784127582468987,7.182413656215676,127.88814178357634,0.7533415831595486
Ac_DA_3_3,single_a,7,True,125.69265603763887,0.8074376255027542,5.683743976296898,7.039235969165906,122.62341113071739,0.7505633951197452
Ac_DA_3_3,single_a,9,True,128.68575496159303,0.849965371501264,5.90052856634385,6.942081129637026,124.5678539673628,0.7835295340736158
Ac_DA_3_3,single_a,11,True,133.18592326259576,0.9138471067586982,6.224306884780104,6.811103125179161,129.14548356129342,0.8314075751661935
Ac_DA_3_3,single_a,13,True,148.92332030344497,1.0560125814956942,7.0752365609765455,6.6999547968978375,144.0939808296528,0.8964774909139085
Ac_DA_3_3,single_a,15,True,166.28079372660272,1.1562335448389398,7.822920029025863,6.765864962096022,162.34426684578335,0.94972654669218
Ac_DA_3_3,single_a,17,True,177.05893990261717,1.2342310280887256,8.340310583986776,6.75749547222306,174.05001590439747,1.031836407598267
Ac_DA_3_3,single_a,19,True,181.95567629007292,1.3090271849503956,8.707273793493279,6.651713496556019,180.24272212338047,1.074701143314476
Ac_DA_3_3,single_a,21,True,178.6762371322782,1.378519054220112,8.854516452741326,6.423209331517517,178.47800627584257,1.1329975367992613
Ac_DA_3_3,single_a,23,True,181.4395755543164,1.378418169823443,8.92239752823025,6.472925069881436,180.71585920907665,1.1455253157873682
Ac_DA_3_3,single_a,25,True,177.11053935284264,1.3317581321518168,8.664827978666457,6.506307541494847,176.02450685340108,1.1322366070748648
Ac_DA_3_3,single_a,27,True,180.6466493346047,1.280807500212311,8.581870366300075,6.700359238119323,180.45773573171567,1.0658301935488312
Ac_DA_3_3,single_a,29,True,181.7213926184638,1.2415864938286163,8.474548736779846,6.825580641302981,181.71474642476954,1.0511210783296567
Ac_DA_3_3,single_a,31,True,174.02905067416447,0.8376136609088242,6.811736114200485,8.13231258287937,173.03015905323537,1.03600834220185
Ac_DA_3_3,single_a,33,True,158.55923447195764,1.144957269369934,7.601783089779811,6.639359645240775,157.17778020916512,0.9262737810125227
Ac_DA_3_3,single_a,35,True,143.62440818847506,1.0469061354691036,6.918199191737923,6.6082325409603,142.0387619423713,0.8403401541709048
Ac_DA_3_3,single_a,37,True,123.6007064051229,0.8494451245009944,5.781003124178287,6.805622820631681,120.46650223733913,0.7582727878209451
Ac_DA_3_3,single_a,39,True,109.2096132639495,0.6792166630819538,4.859142821230579,7.154039477156169,106.11886997683278,0.6228204151883783
Ac_DA_3_3,single_a,41,True,103.42633549146422,0.630904333459001,4.557454983503502,7.2236862893566816,98.36459125268274,0.5845259947929208
Ac_DA_3_3,single_a,44,True,89.68719395746243,0.652220567467469,4.315066835778799,6.6159625301819736,85.68490186765875,0.6091371640016856
Ac_DA_3_3,single_b,5,True,100.88057655128804,0.7423930048650311,4.882539630416715,6.576758668819048,98.57025151806059,0.6989047003776503
Ac_DA_3_3,single_b,7,True,109.31737829612231,0.7174010837166878,4.9963250133727195,6.964479322344935,106.27100739660273,0.6711644166985498
Ac_DA_3_3,single_b,9,True,117.22969899451982,0.7525382898107045,5.299174118400505,7.041733543861899,115.04135470038568,0.6988827427773137
Ac_DA_3_3,single_b,11,True,123.97169328849127,0.8275719852767357,5.7146445238463075,6.905314130389951,122.00897251529472,0.7099909502914079
Ac_DA_3_3,single_b,13,True,131.63500766006817,0.843506799994095,5.945043807816327,7.0480093436803894,129.1607310510779,0.761337766365604
Ac_DA_3_3,single_b,15,True,149.0017272817869,1.1590264330093492,7.414252724964043,6.396966034427135,147.28758713217533,0.8328506504729599
Ac_DA_3_3,single_b,17,True,161.74941087733,1.2546944694222992,8.037396793144405,6.4058597443607725,160.68682527002593,1.1270193696602224
Ac_DA_3_3,single_b,19,True,166.3789721218237,1.354387465593596,8.469265449826075,6.253207198808648,165.76354550897196,1.139630997066829
Ac_DA_3_3,single_b,21,True,164.36084983676835,1.4349530567934872,8.664491890803701,6.038170969972477,163.89979027059496,1.25413755374727
Ac_DA_3_3,single_b,23,True,158.64830705791368,1.4603682240692348,8.587642803968578,5.88046402436749,158.65923762539046,1.2867153126263668
Ac_DA_3_3,single_b,25,True,157.7493768821655,1.4438588292143135,8.514737355854809,5.897209050893269,157.76076417403505,1.2805391625513989
Ac_DA_3_3,single_b,27,True,160.14652698763334,1.4456666415195696,8.584557343338105,5.938130615170523,159.71572300074536,1.302134113639532
Ac_DA_3_3,single_b,29,True,162.24875898708797,1.4615444941088473,8.688039286343246,5.944423396867322,161.48330694574446,1.2847150386635664
Ac_DA_3_3,single_b,31,True,161.46911631229412,1.414591363057149,8.52678473336173,6.027737024305054,160.66377221629352,1.2680371179679268
Ac_DA_3_3,single_b,33,True,160.46644316150255,1.296286584555277,8.137063217001996,6.277210081437058,159.18040876393056,1.2328521003493627
Ac_DA_3_3,single_b,35,True,155.05432924802102,0.8336707795009711,6.414522040776734,7.694310750121789,153.15921312096089,0.8013954149271768
Ac_DA_3_3,single_b,37,True,142.82583328918162,0.8780885080147968,6.318261457797676,7.19547221052027,140.18844015557158,0.7886120915941345
Ac_DA_3_3,single_b,39,True,129.86473243437183,0.8249103582785517,5.839478377825771,7.078924781611149,126.32325154985392,0.7322169891946334
Ac_DA_3_3,single_b,41,True,116.07123007022855,0.8326310056646277,5.546431410724823,6.661331818045279,110.2803965058382,0.7537734248604934
Ac_DA_3_3,single_b,44,True,93.3437621662874,0.8015455236194026,4.880134713424565,6.08840617235085,87.76936248422322,0.7236942397462918
Ac_DA_3_4,single_a,5,True,112.1514494005182,0.782694459573371,5.285957156170907,6.753538486847297,109.17103906751387,0.8159363199909149
Ac_DA_3_4,single_a,7,True,115.5754586573338,0.77658572556578,5.345059920496149,6.882768694469649,112.66976668792469,0.7846199363201481
Ac_DA_3_4,single_a,9,True,120.26280341542854,0.8320944992691981,5.643870638288571,6.782727975302567,118.13281467350703,0.8112906169615008
Ac_DA_3_4,single_a,11,True,132.29400800505732,0.9234587722028356,6.235968407140802,6.752838994929257,129.90881750341106,0.874057890813526
Ac_DA_3_4,single_a,13,True,149.8525332431054,1.0513489990774159,7.081586445158001,6.735714259843557,147.46419610845703,1.1137592543347374
Ac_DA_3_4,single_a,15,True,163.04332426454235,1.1425653985340358,7.700467784236935,6.739629778844161,162.58728325143,1.1632719727444814
Ac_DA_3_4,single_a,17,True,175.3712160243238,1.2266356024914915,8.27488569187416,6.746001563191672,174.8152475635581,1.1894598736197652
Ac_DA_3_4,single_a,19,True,182.89679128611792,1.2441815555834579,8.510792187460407,6.840474486433998,182.57819660800016,1.2272570956096454
Ac_DA_3_4,single_a,21,True,182.9020049258923,1.2289852941825727,8.45877824830931,6.8827334943299245,182.5027742118267,1.217226619620734
Ac_DA_3_4,single_a,23,True,182.11776662195837,1.2171403039315756,8.39985024485848,6.901299889359919,182.1931448040548,1.19834784837952
Ac_DA_3_4,single_a,25,True,177.86747177778346,1.2063707063913036,8.264445520385667,6.85066827020995,178.03277592476766,1.1916524225402356
Ac_DA_3_4,single_a,27,True,177.1766532755091,1.2199585019342793,8.294702987044648,6.799168147025622,177.0309910417445,1.2035185389011462
Ac_DA_3_4,single_a,29,True,174.31021615443808,1.2189658916391781,8.223984084554413,6.7466892560015665,174.3537189800891,1.1974936835558976
Ac_DA_3_4,single_a,31,True,165.9405028839609,1.1847485574700525,7.910689871555577,6.677104455352366,165.92756659413917,1.1906037672543475
Ac_DA_3_4,single_a,33,True,159.64357439499685,1.1460162226486785,7.631258549885517,6.658944610965553,159.2836218659296,1.2090201445437687
Ac_DA_3_4,single_a,35,True,148.68127978751036,1.0601948140451798,7.083469801703352,6.681290747571505,148.41705524573163,1.1913254438912884
Ac_DA_3_4,single_a,37,True,137.98919168297832,0.9203120111701381,6.357921244790004,6.908441015244574,136.58441012856937,0.7775518437849281
Ac_DA_3_4,single_a,39,True,124.74963740624793,0.7865054968910145,5.588504317323658,7.105486661459473,123.71819252869396,0.7551024382395264
Ac_DA_3_4,single_a,41,True,111.65445443009392,0.674560973074476,4.896364000814786,7.258593657588007,109.82629779736911,0.6996696736949403
Ac_DA_3_4,single_a,44,True,86.91070407534953,0.6677284419887288,4.297952737860411,6.436677648565643,82.93658793034484,0.6735597273039733
Ac_DA_3_4,single_b,5,True,111.44251061941401,0.7405380104483609,5.1253577538982835,6.921127182648087,110.73339520423322,0.7496224207365219
Ac_DA_3_4,single_b,7,True,113.68286894917821,0.7385244851132003,5.169577202485205,6.999872457434932,112.06245911550477,0.7191626858419523
Ac_DA_3_4,single_b,9,True,114.91849103528693,0.7976678430358702,5.401707494718934,6.771875714784237,113.39296653035784,0.7693007772368292
Ac_DA_3_4,single_b,11,True,121.57316243161193,0.9116965982315131,5.939762604484135,6.515065007378488,120.20666632395445,0.8445996742818687
Ac_DA_3_4,single_b,13,True,130.15015287487665,0.9838041371491155,6.3841300770666285,6.489228735677683,129.78116671816505,0.8722924897855008
Ac_DA_3_4,single_b,15,True,140.01700772597755,1.1142625333311833,7.0470803554670844,6.3244344529823096,140.19803906885795,1.1525056715293702
Ac_DA_3_4,single_b,17,True,153.10234886138198,1.184339219587672,7.59720851057878,6.414723404350107,152.55203933230595,1.1608317743187173
Ac_DA_3_4,single_b,19,True,158.62576738765648,1.197365287869714,7.77544517539581,6.493795380714144,157.80204225063395,1.184001306616562
Ac_DA_3_4,single_b,21,True,164.58492555889597,1.23096396708097,8.030503237925757,6.523751671601553,163.8034102202023,1.2256257095735812
Ac_DA_3_4,single_b,23,True,170.48242222444168,1.2634844547011366,8.280371439671072,6.553599776286684,169.34685842797242,1.2333607460270986
Ac_DA_3_4,single_b,25,True,172.57885571704242,1.2701437660491544,8.353054148034534,6.57646352429625,171.85592646465858,1.266714443597804
Ac_DA_3_4,single_b,27,True,172.88495571863345,1.245559710619693,8.279153622143992,6.646934347310363,172.21559832165815,1.2479612130729043
Ac_DA_3_4,single_b,29,True,173.59570528171284,1.224308595181153,8.225077546350395,6.718140817375691,173.0315608256155,1.2327530004878016
Ac_DA_3_4,single_b,31,True,174.8545805316695,1.2154495778517709,8.224926848036247,6.766983178827769,174.42543796256092,1.2532090781990284
Ac_DA_3_4,single_b,33,True,171.5305299353684,1.196755140149902,8.083481134273908,6.75449878014428,171.1181692631665,1.259425931428905
Ac_DA_3_4,single_b,35,True,162.62909711062005,1.1008813242036828,7.5490871868979585,6.857312428620364,161.63725410994462,1.1707173621636282
Ac_DA_3_4,single_b,37,True,149.91278162231643,0.923956441201379,6.640031560988803,7.1865201268093,148.97399042958955,0.8551956613219229
Ac_DA_3_4,single_b,39,True,139.5184961746212,0.8089879109452317,5.993934224172838,7.409176506938713,137.72361184506428,0.8109309995156369
Ac_DA_3_4,single_b,41,True,128.90939858481704,0.7314373769385464,5.478427635483098,7.489947613031789,125.47266538493265,0.7304445890142991
Ac_DA_3_4,single_b,44,True,117.52963172104502,0.7135476567797212,5.166664287302011,7.240811791912321,113.7882932305421,0.7303812646153525
Ac_DA_3_6,single_a,5,True,116.98807976488014,0.7506889582878076,5.287201765904057,7.043132455235861,113.19796896387729,0.7711395257100531
Ac_DA_3_6,single_a,7,True,113.83531149344398,0.7852126425017422,5.334051512810988,6.793129942248928,110.9461330336784,0.7928484614685627
Ac_DA_3_6,single_a,9,True,120.56385153234217,0.8201463229828285,5.610212241325075,6.840501608202097,118.37663475186645,0.7926493426178681
Ac_DA_3_6,single_a,11,True,138.19115033172085,0.8543452152886153,6.1303020778937976,7.175439117807731,134.12354971115516,0.840693708009507
Ac_DA_3_6,single_a,13,True,154.88505014946315,0.8959360370723289,6.646122116003482,7.4180765601539695,151.6278546894803,0.9067001657794898
Ac_DA_3_6,single_a,15,True,171.83038387587297,1.2072954217241043,8.12609360477947,6.730824501243305,171.37202501409882,1.072936077142145
Ac_DA_3_6,single_a,17,True,188.50020396015427,1.2959692767240512,8.818167193514672,6.804302657394177,187.82108643457343,1.1145811412684399
Ac_DA_3_6,single_a,19,True,197.01771439054414,1.3076635744455756,9.055776910718915,6.925158035818495,196.78325288708527,1.1423077134555837
Ac_DA_3_6,single_a,21,True,195.7963254769491,1.3537116008006675,9.185237866527537,6.785225051698476,195.29112759296154,1.1875142285356874
Ac_DA_3_6,single_a,23,True,190.46010212474113,1.3328745749020956,8.989213843470877,6.744230862180837,190.51759093974755,1.186529605147065
Ac_DA_3_6,single_a,25,True,184.4848454853396,1.3391529831757372,8.8678943138147,6.622017368609308,184.3414957068613,1.175415985051045
Ac_DA_3_6,single_a,27,True,178.09654562302265,1.349060673912997,8.74517597203137,6.482418575486072,177.76011615886765,1.1952789073798342
Ac_DA_3_6,single_a,29,True,171.32483719705735,1.364684374257719,8.626831927942403,6.321485092576605,170.79558075856545,1.214447176241074
Ac_DA_3_6,single_a,31,True,163.40107643958143,1.3511666448661666,8.38314500051217,6.204375331765626,163.21851870292934,1.2145084810528886
Ac_DA_3_6,single_a,33,True,155.50991749286473,1.3230295943128274,8.092615165860796,6.116730268655892,154.64427765536988,1.1876572175294915
Ac_DA_3_6,single_a,35,True,142.00288838552538,1.2472855708806907,7.508559072648091,6.019919774544015,141.36293158956903,1.1856801254018048
Ac_DA_3_6,single_a,37,True,128.40450801642203,0.903231274124433,6.075956871647552,6.726911529427957,126.2275409724771,0.8887337177914848
Ac_DA_3_6,single_a,39,True,112.88767639437053,0.9002396225037689,5.687578351172897,6.317849391425876,111.1475340456005,0.8629273985029858
Ac_DA_3_6,single_a,41,True,101.315823019925,0.7752658767706784,5.000219120505409,6.44968296725958,99.63032086685257,0.764479081346231
Ac_DA_3_6,single_a,44,True,86.20834902286111,0.6906731211630003,4.353474501558319,6.303234291538167,82.21637812033333,0.7021854248573464
Ac_DA_3_6,single_b,5,True,104.74934658553684,0.783890165379404,5.112441280011258,6.521884705029854,102.20721314074625,0.7407657086801253
Ac_DA_3_6,single_b,7,True,109.04979744259091,0.7656220808844472,5.15519052306022,6.733335743275508,106.38883472737346,0.7214087085934686
Ac_DA_3_6,single_b,9,True,120.7865235402249,0.7643827775340003,5.421129116762724,7.092165438698137,117.06439888094037,0.7095061940580034
Ac_DA_3_6,single_b,11,True,133.4940352934917,0.8095252925138571,5.865043065657727,7.245039926355769,130.8068833374049,0.731065477273568
Ac_DA_3_6,single_b,13,True,140.6417679104464,0.8571614187019787,6.1946037290671665,7.226881184698924,139.45284569454466,0.7990123480135158
Ac_DA_3_6,single_b,15,True,146.43556863769277,0.8130721371929122,6.1562024300149965,7.571532891618885,146.08143879675663,0.8345056615583811
Ac_DA_3_6,single_b,17,True,164.16580935188992,1.26646712123643,8.13510905978236,6.423466447230145,162.81668751712976,1.2087213109921664
Ac_DA_3_6,single_b,19,True,178.82734326754255,1.231731331698155,8.373364952337369,6.798044944422445,177.23032092621932,1.2015480582948501
Ac_DA_3_6,single_b,21,True,183.45831863013422,1.222263780875723,8.4484344618409,6.912120439163957,181.7110214670362,1.2530151904322344
Ac_DA_3_6,single_b,23,True,183.71061861784608,1.2609210859207707,8.586894895402072,6.810017685707593,181.80453424614063,1.3026641257071943
Ac_DA_3_6,single_b,25,True,182.27728014350538,1.275843426455091,8.60379439768918,6.743613063551751,180.7909018812074,1.3033081804647826
Ac_DA_3_6,single_b,27,True,177.074479706522,1.275984784362584,8.480584751280057,6.6463055478490825,175.6622716212513,1.2592368068269078
Ac_DA_3_6,single_b,29,True,173.60396356269334,1.289056422319241,8.439968880282535,6.547400667767153,172.09958742002328,1.219273228114593
Ac_DA_3_6,single_b,31,True,174.62820354318276,1.3272202547713765,8.589220604090492,6.471586440315477,173.0084680877872,1.2296783315357696
Ac_DA_3_6,single_b,33,True,173.61926811275094,1.3172219506632596,8.532052200869241,6.477307940831919,172.00791457126408,1.1829288449558695
Ac_DA_3_6,single_b,35,True,158.41340973905588,1.3393647187759494,8.218081841618329,6.13580582377059,157.9473410393078,1.1815324087591363
Ac_DA_3_6,single_b,37,True,143.736633988419,1.242677169776635,7.540288428266385,6.0677773855149475,141.79437959500513,1.1445082015380301
Ac_DA_3_6,single_b,39,True,123.36573031529346,0.9058338643732509,5.9641232134678575,6.5841248026142765,121.82101930855512,0.8806192329820476
Ac_DA_3_6,single_b,41,True,114.7915142901726,0.9198269076615619,5.797396594362763,6.3027038522946075,113.21534942575786,0.8544621577436768
Ac_DA_3_6,single_b,44,True,108.0286448233785,0.8534530136556715,5.417318076534917,6.347529377546439,107.3282774125341,0.8199319809372867
Ac_DA_3_7,single_a,5,True,122.64169425320966,0.678033085110108,5.144812804540601,7.587849203118338,119.33311972124636,0.7136131604246129
Ac_DA_3_7,single_a,7,True,128.27359379085664,0.6824077525221369,5.278562533093739,7.735203056507634,126.14906632558055,0.7106568815284596
Ac_DA_3_7,single_a,9,True,138.61634692401222,0.7201261786693522,5.636851424034809,7.827588540734031,136.16221897248414,0.7480069704465993
Ac_DA_3_7,single_a,11,True,145.96813001954885,0.7993908309185496,6.094438054417902,7.6238528373099,143.57423793426156,0.8433644988476064
Ac_DA_3_7,single_a,13,True,158.5052843659181,0.8438518291475405,6.524992765940072,7.732391565153829,157.07473134626622,0.9306900871965507
Ac_DA_3_7,single_a,15,True,173.83216561668848,1.2093669778362728,8.180299169020607,6.7641165328131505,173.11989584493764,1.042902565945383
Ac_DA_3_7,single_a,17,True,185.210896871401,1.2576770138401534,8.610787918678588,6.8465812954525305,184.8154836053791,1.0423675477690897
Ac_DA_3_7,single_a,19,True,186.41351520331352,1.2933116163314113,8.760226815377331,6.773484985951384,185.27725078487612,1.0927887958760014
Ac_DA_3_7,single_a,21,True,184.10584910786838,1.3342977914013936,8.842707109553007,6.627236563335416,183.03045278401555,1.127164121103293
Ac_DA_3_7,single_a,23,True,185.96162829949535,1.3135247281164917,8.817710991862189,6.7130148394740985,185.2975901977661,1.1306760591552567
Ac_DA_3_7,single_a,25,True,186.18675110852826,1.2626416163774092,8.650465935065297,6.851085710198573,185.24905282123288,1.082769763275465
Ac_DA_3_7,single_a,27,True,184.02992300042817,1.2387675402735503,8.51852092039916,6.8766097297948745,182.83777633737856,1.094390720384422
Ac_DA_3_7,single_a,29,True,180.07048150448736,1.24780061737692,8.45705051457332,6.777565579628752,178.9316327123068,1.1006274270319953
Ac_DA_3_7,single_a,31,True,176.57332239616844,1.1826852635977605,8.153089330747504,6.8937100864397225,176.25713282233306,1.1106542741885277
Ac_DA_3_7,single_a,33,True,174.70349401731733,0.8826137373267258,7.005855902016206,7.937623906960311,173.05557384815748,1.0680897774175933
Ac_DA_3_7,single_a,35,True,162.95676154867644,1.0694477448501436,7.4480235438072295,6.964364158672272,160.7783254932794,0.9151823701970673
Ac_DA_3_7,single_a,37,True,148.51919457060194,0.900561627134352,6.52488820766369,7.24535446666357,146.85392348300215,0.7946533975847476
Ac_DA_3_7,single_a,39,True,135.8077917389323,0.7896974084750753,5.8427561852234176,7.398727819692255,134.46180178847345,0.7572235244811218
Ac_DA_3_7,single_a,41,True,121.83707706211952,0.7132250835984305,5.259301928254346,7.373972185217631,119.61963339922174,0.6974140046268303
Ac_DA_3_7,single_a,44,True,106.12537333635186,0.6651056840050561,4.7400181959876155,7.126714310190112,101.59105009311075,0.6509757270886213
Ac_DA_3_7,single_b,5,True,102.84329001098413,0.6280987674311118,4.534475032828025,7.219366233393149,99.56848282945685,0.6268768855151977
Ac_DA_3_7,single_b,7,True,111.4971128512704,0.6494873936706957,4.801116424616214,7.3921626060851375,108.39553424586478,0.6391086357179236
Ac_DA_3_7,single_b,9,True,122.5845943135405,0.6730154895876383,5.124547707216314,7.614308714285555,118.73045084233928,0.6543602194516367
Ac_DA_3_7,single_b,11,True,123.36398087546647,0.700580881829877,5.245035019059492,7.486694477530935,122.14008946230612,0.6783416601756245
Ac_DA_3_7,single_b,13,True,134.50952279503468,0.7999110148975503,5.85224390749383,7.316118666328609,133.44861367961965,0.7413519649893522
Ac_DA_3_7,single_b,15,True,149.70225532843648,0.8975984344118796,6.540038101398675,7.286151413225013,149.27036467656006,0.8033124272081079
Ac_DA_3_7,single_b,17,True,160.79113430665194,0.9290071584507053,6.8954981035600555,7.422438073630778,160.51526370895158,0.8008834511667212
Ac_DA_3_7,single_b,19,True,171.0759606056825,1.0796738939858082,7.6677131502696305,7.10187881079805,170.49956631345037,1.204882974848953
Ac_DA_3_7,single_b,21,True,175.6611793697116,1.0662508779698017,7.721339735874413,7.2415787835750765,174.54155379738273,1.2033431897254392
Ac_DA_3_7,single_b,23,True,176.63690363164494,0.9429947095925644,7.281492614352305,7.721668573833663,175.15161383679146,0.826127290258857
Ac_DA_3_7,single_b,25,True,172.39080917471,1.029694677335699,7.516858095576059,7.300084443502886,171.22834405557325,0.8446098681596322
Ac_DA_3_7,single_b,27,True,169.5461799927998,1.0308233238699422,7.458666458702169,7.235639984066969,168.2320062673984,1.2490767887977596
Ac_DA_3_7,single_b,29,True,172.01085943348744,1.0366015478271193,7.533710423549358,7.267701306583234,171.12883475983043,1.2017255860408291
Ac_DA_3_7,single_b,31,True,170.04487503815136,1.0143764116938478,7.4097986713212975,7.304782116283746,168.58135322445207,1.1922358411326621
Ac_DA_3_7,single_b,33,True,163.1202304171169,0.9768694758950046,7.1219225507019965,7.290556954066882,162.54434240798872,1.142885192613838
Ac_DA_3_7,single_b,35,True,154.39548376399736,0.9672045579314638,6.8944801758929,7.128254431139109,153.88905744730033,0.8682676074444639
Ac_DA_3_7,single_b,37,True,140.79396035872537,0.8481328344426011,6.165226190214651,7.269175228036633,139.35030207601375,0.7834085131401906
Ac_DA_3_7,single_b,39,True,132.01662188278067,0.7627978986793283,5.6616643065125,7.422233748041039,129.95599995191628,0.7446453022016287
Ac_DA_3_7,single_b,41,True,122.90492384097416,0.7470744208843682,5.406194147949733,7.23648674994121,120.68697360774101,0.7498069310494713
Ac_DA_3_7,single_b,44,True,103.23481954028668,0.6102719292785809,4.478162637509568,7.33797905927498,101.85533596226603,0.6434115744385879
